{"type":"FeatureCollection","features":[{"type":"Feature","properties":{"osm":"n245641840","name":"Visakhapatnam","name:en":"Visakhapatnam","place":"city","population":"2526000"},"geometry":{"type":"Point","coordinates":[83.29213,17.69355]}},{"type":"Feature","properties":{"osm":"n245642071","name":"Sabbavaram","place":"village","population":"12200"},"geometry":{"type":"Point","coordinates":[83.12449,17.79051]}},{"type":"Feature","properties":{"osm":"n784255233","name":"Rushikonda","place":"suburb"},"geometry":{"type":"Point","coordinates":[83.38487,17.79307]}},{"type":"Feature","properties":{"osm":"n1056561182","name":"Ukkunagaram Township","place":"suburb"},"geometry":{"type":"Point","coordinates":[83.14865,17.65511]}},{"type":"Feature","properties":{"osm":"n1068785211","name":"Simhachalam","place":"suburb"},"geometry":{"type":"Point","coordinates":[83.24335,17.77263]}},{"type":"Feature","properties":{"osm":"n1068785212","name":"Vepagunta","place":"village"},"geometry":{"type":"Point","coordinates":[83.21537,17.77443]}},{"type":"Feature","properties":{"osm":"n1068785213","name":"Prahaladapuram","place":"quarter"},"geometry":{"type":"Point","coordinates":[83.22756,17.76822]}},{"type":"Feature","properties":{"osm":"n1685822097","name":"Peddipalem","place":"village"},"geometry":{"type":"Point","coordinates":[83.40028,17.90812]}},{"type":"Feature","properties":{"osm":"n1685822110","name":"Vemulavalasa","place":"village"},"geometry":{"type":"Point","coordinates":[83.38001,17.89503]}},{"type":"Feature","properties":{"osm":"n2041649078","name":"Maruthinagar","place":"neighbourhood"},"geometry":{"type":"Point","coordinates":[83.22251,17.76221]}},{"type":"Feature","properties":{"osm":"n2154353753","name":"Maharani Peta","place":"town"},"geometry":{"type":"Point","coordinates":[83.30185,17.70801]}},{"type":"Feature","properties":{"osm":"n2262873267","name":"Srinivasa Nagar","place":"neighbourhood"},"geometry":{"type":"Point","coordinates":[83.35554,17.82769]}},{"type":"Feature","properties":{"osm":"n3110446716","name":"Sector8;Sector 8","place":"neighbourhood"},"geometry":{"type":"Point","coordinates":[83.1368,17.65138]}},{"type":"Feature","properties":{"osm":"n3110446722","name":"Pedagantyada","place":"village","population":"95291"},"geometry":{"type":"Point","coordinates":[83.20982,17.66567]}},{"type":"Feature","properties":{"osm":"n3110447429","name":"Gonthina Vani Palem","place":"neighbourhood"},"geometry":{"type":"Point","coordinates":[83.2018,17.6766]}},{"type":"Feature","properties":{"osm":"n3110447430","name":"Azeemabad","place":"neighbourhood"},"geometry":{"type":"Point","coordinates":[83.21385,17.67784]}},{"type":"Feature","properties":{"osm":"n3110447431","name":"Sri Nagar","place":"neighbourhood"},"geometry":{"type":"Point","coordinates":[83.18493,17.68299]}},{"type":"Feature","properties":{"osm":"n3110447432","name":"Chaitanya Nagar","place":"neighbourhood"},"geometry":{"type":"Point","coordinates":[83.19999,17.68167]}},{"type":"Feature","properties":{"osm":"n3110447434","name":"Sector J","place":"neighbourhood"},"geometry":{"type":"Point","coordinates":[83.27333,17.68324]}},{"type":"Feature","properties":{"osm":"n3110447435","name":"CISF Quarters","place":"neighbourhood"},"geometry":{"type":"Point","coordinates":[83.24379,17.68435]}},{"type":"Feature","properties":{"osm":"n3110447436","name":"Visweswara Nagar","place":"neighbourhood"},"geometry":{"type":"Point","coordinates":[83.18442,17.6854]}},{"type":"Feature","properties":{"osm":"n3110447437","name":"Hindhusthan Ship Yard Colony","place":"neighbourhood"},"geometry":{"type":"Point","coordinates":[83.26508,17.68559]}},{"type":"Feature","properties":{"osm":"n3110447442","name":"Malkapuram","place":"suburb"},"geometry":{"type":"Point","coordinates":[83.24264,17.68683]}},{"type":"Feature","properties":{"osm":"n3110447443","name":"Sri Haripuram","place":"suburb"},"geometry":{"type":"Point","coordinates":[83.23344,17.68875]}},{"type":"Feature","properties":{"osm":"n3110447444","name":"Ex Service Men Colony","place":"neighbourhood"},"geometry":{"type":"Point","coordinates":[83.22561,17.68894]}},{"type":"Feature","properties":{"osm":"n3110447445","name":"Naval Park","place":"neighbourhood"},"geometry":{"type":"Point","coordinates":[83.26669,17.68971]}},{"type":"Feature","properties":{"osm":"n3110447447","name":"Ajanta Colony","place":"neighbourhood"},"geometry":{"type":"Point","coordinates":[83.23334,17.69162]}},{"type":"Feature","properties":{"osm":"n3110447450","name":"Pittalayyavanipalem","place":"neighbourhood"},"geometry":{"type":"Point","coordinates":[83.22912,17.69416]}},{"type":"Feature","properties":{"osm":"n3110447451","name":"Soldier Peta","place":"neighbourhood"},"geometry":{"type":"Point","coordinates":[83.29365,17.69439]}},{"type":"Feature","properties":{"osm":"n3110447453","name":"Zinc Colony","place":"neighbourhood"},"geometry":{"type":"Point","coordinates":[83.21958,17.69531]}},{"type":"Feature","properties":{"osm":"n3110447454","name":"Govdesivanipalem","place":"neighbourhood"},"geometry":{"type":"Point","coordinates":[83.2251,17.69636]}},{"type":"Feature","properties":{"osm":"n3110447456","name":"Auto Nagar","place":"neighbourhood"},"geometry":{"type":"Point","coordinates":[83.18924,17.69674]}},{"type":"Feature","properties":{"osm":"n3110447457","name":"Chengala Rao Peta","place":"neighbourhood"},"geometry":{"type":"Point","coordinates":[83.29947,17.6986]}},{"type":"Feature","properties":{"osm":"n3110447458","name":"Mulagada","place":"town"},"geometry":{"type":"Point","coordinates":[83.2251,17.69885]}},{"type":"Feature","properties":{"osm":"n3110447459","name":"Jalari Peta","place":"neighbourhood"},"geometry":{"type":"Point","coordinates":[83.34225,17.72803]}},{"type":"Feature","properties":{"osm":"n3110447461","name":"Gajuwaka","place":"suburb"},"geometry":{"type":"Point","coordinates":[83.21301,17.6814]}},{"type":"Feature","properties":{"osm":"n3110447462","name":"MTC Palem","place":"neighbourhood"},"geometry":{"type":"Point","coordinates":[83.29567,17.70322]}},{"type":"Feature","properties":{"osm":"n3110447463","name":"Pullam Botlapalem","place":"neighbourhood"},"geometry":{"type":"Point","coordinates":[83.18894,17.70248]}},{"type":"Feature","properties":{"osm":"n3110447470","name":"Akkireddipalem","place":"neighbourhood"},"geometry":{"type":"Point","coordinates":[83.20803,17.70918]}},{"type":"Feature","properties":{"osm":"n3110447472","name":"Nathayyapalem","place":"suburb"},"geometry":{"type":"Point","coordinates":[83.20156,17.71036]}},{"type":"Feature","properties":{"osm":"n3110447475","name":"Daspalla Hills","place":"neighbourhood"},"geometry":{"type":"Point","coordinates":[83.31463,17.71609]}},{"type":"Feature","properties":{"osm":"n3110447478","name":"Ram Nagar","place":"neighbourhood"},"geometry":{"type":"Point","coordinates":[83.30928,17.71894]}},{"type":"Feature","properties":{"osm":"n3110447479","name":"Siripuram","place":"neighbourhood"},"geometry":{"type":"Point","coordinates":[83.31722,17.72082]}},{"type":"Feature","properties":{"osm":"n3110447485","name":"Waltair Uplands","place":"quarter"},"geometry":{"type":"Point","coordinates":[83.31317,17.72351]}},{"type":"Feature","properties":{"osm":"n3110447487","name":"Meghadripeta Defence Colony","place":"neighbourhood"},"geometry":{"type":"Point","coordinates":[83.2689,17.72557]}},{"type":"Feature","properties":{"osm":"n3110447491","name":"Sathyavanipalem","place":"village"},"geometry":{"type":"Point","coordinates":[83.18515,17.7292]}},{"type":"Feature","properties":{"osm":"n3110447494","name":"Kancharapalem","place":"neighbourhood"},"geometry":{"type":"Point","coordinates":[83.27791,17.73001]}},{"type":"Feature","properties":{"osm":"n3110447499","name":"Pedda Waltair","place":"suburb"},"geometry":{"type":"Point","coordinates":[83.33304,17.73139]}},{"type":"Feature","properties":{"osm":"n3110447500","name":"Lawsons Bay Colony","place":"neighbourhood"},"geometry":{"type":"Point","coordinates":[83.3396,17.73171]}},{"type":"Feature","properties":{"osm":"n3110447501","name":"Srinivasa Nagar","place":"neighbourhood"},"geometry":{"type":"Point","coordinates":[83.29881,17.73181]}},{"type":"Feature","properties":{"osm":"n3110447502","name":"Ahmed Nagar","place":"neighbourhood"},"geometry":{"type":"Point","coordinates":[83.17692,17.73437]}},{"type":"Feature","properties":{"osm":"n3110447503","name":"Ganesh Nagar","place":"neighbourhood"},"geometry":{"type":"Point","coordinates":[83.30791,17.73372]}},{"type":"Feature","properties":{"osm":"n3110447504","name":"Resavani Palem","place":"neighbourhood"},"geometry":{"type":"Point","coordinates":[83.31533,17.73327]}},{"type":"Feature","properties":{"osm":"n3110447505","name":"Dharma Nagar","place":"neighbourhood"},"geometry":{"type":"Point","coordinates":[83.28263,17.73386]}},{"type":"Feature","properties":{"osm":"n3110447508","name":"Lalitha Nagar","place":"neighbourhood"},"geometry":{"type":"Point","coordinates":[83.3012,17.7345]}},{"type":"Feature","properties":{"osm":"n3110447511","name":"Maddilapalem","place":"suburb"},"geometry":{"type":"Point","coordinates":[83.32094,17.73522]}},{"type":"Feature","properties":{"osm":"n3110447512","name":"Nirman Park","place":"neighbourhood"},"geometry":{"type":"Point","coordinates":[83.26437,17.73587]}},{"type":"Feature","properties":{"osm":"n3110447514","name":"Jawaharlal Nagar","place":"neighbourhood"},"geometry":{"type":"Point","coordinates":[83.27845,17.73625]}},{"type":"Feature","properties":{"osm":"n3110447515","name":"Santhipuram","place":"neighbourhood"},"geometry":{"type":"Point","coordinates":[83.30681,17.73655]}},{"type":"Feature","properties":{"osm":"n3110447516","name":"Santosh Nagar","place":"neighbourhood"},"geometry":{"type":"Point","coordinates":[83.28891,17.73668]}},{"type":"Feature","properties":{"osm":"n3110447517","name":"Marshalling Yard","place":"neighbourhood"},"geometry":{"type":"Point","coordinates":[83.237,17.73691]}},{"type":"Feature","properties":{"osm":"n3110447520","name":"Paidivada Agraharam","place":"village","population":"1174"},"geometry":{"type":"Point","coordinates":[83.10131,17.73835]}},{"type":"Feature","properties":{"osm":"n3110447522","name":"Kakani Nagar","place":"neighbourhood"},"geometry":{"type":"Point","coordinates":[83.22843,17.73824]}},{"type":"Feature","properties":{"osm":"n3110447523","name":"Shanti Nagar","place":"neighbourhood"},"geometry":{"type":"Point","coordinates":[83.28891,17.73832]}},{"type":"Feature","properties":{"osm":"n3110447525","name":"Dhayala Nagar","place":"neighbourhood"},"geometry":{"type":"Point","coordinates":[83.25954,17.73864]}},{"type":"Feature","properties":{"osm":"n3110447532","name":"Yallapuvanipalem","place":"neighbourhood"},"geometry":{"type":"Point","coordinates":[83.22016,17.73984]}},{"type":"Feature","properties":{"osm":"n3110447533","name":"Karasa","place":"neighbourhood"},"geometry":{"type":"Point","coordinates":[83.24256,17.73998]}},{"type":"Feature","properties":{"osm":"n3110447534","name":"Industrial Estate","place":"neighbourhood"},"geometry":{"type":"Point","coordinates":[83.26446,17.74]}},{"type":"Feature","properties":{"osm":"n3110447537","name":"Marripalem","place":"suburb"},"geometry":{"type":"Point","coordinates":[83.24828,17.74091]}},{"type":"Feature","properties":{"osm":"n3110447538","name":"Kailasapuram","place":"suburb"},"geometry":{"type":"Point","coordinates":[83.28816,17.74093]}},{"type":"Feature","properties":{"osm":"n3110447541","name":"Narsimha Nagar","place":"neighbourhood"},"geometry":{"type":"Point","coordinates":[83.29895,17.74147]}},{"type":"Feature","properties":{"osm":"n3110447545","name":"Chandra Nagar","place":"neighbourhood"},"geometry":{"type":"Point","coordinates":[83.21912,17.74176]}},{"type":"Feature","properties":{"osm":"n3110447547","name":"Ganesh Nagar","place":"neighbourhood"},"geometry":{"type":"Point","coordinates":[83.23592,17.74199]}},{"type":"Feature","properties":{"osm":"n3110447548","name":"Sector 2","place":"neighbourhood"},"geometry":{"type":"Point","coordinates":[83.3285,17.74248]}},{"type":"Feature","properties":{"osm":"n3110447549","name":"Sai Nagar","place":"neighbourhood"},"geometry":{"type":"Point","coordinates":[83.25649,17.74267]}},{"type":"Feature","properties":{"osm":"n3110447551","name":"Kothapalem","place":"neighbourhood"},"geometry":{"type":"Point","coordinates":[83.21701,17.74312]}},{"type":"Feature","properties":{"osm":"n3110447552","name":"Pattabhi Reddy Thota","place":"neighbourhood"},"geometry":{"type":"Point","coordinates":[83.27101,17.74347]}},{"type":"Feature","properties":{"osm":"n3110447553","name":"Pedda Narava","place":"village"},"geometry":{"type":"Point","coordinates":[83.18248,17.74526]}},{"type":"Feature","properties":{"osm":"n3110447558","name":"Srinivasa Nagar","place":"neighbourhood"},"geometry":{"type":"Point","coordinates":[83.22676,17.74471]}},{"type":"Feature","properties":{"osm":"n3110447559","name":"NAD Junction","place":"neighbourhood"},"geometry":{"type":"Point","coordinates":[83.2334,17.74476]}},{"type":"Feature","properties":{"osm":"n3110447561","name":"Marripalem VUDA Colony","place":"neighbourhood"},"geometry":{"type":"Point","coordinates":[83.24458,17.74608]}},{"type":"Feature","properties":{"osm":"n3110447564","name":"Sector 1","place":"neighbourhood"},"geometry":{"type":"Point","coordinates":[83.33039,17.74417]}},{"type":"Feature","properties":{"osm":"n3110447565","name":"Parvathi Nagar","place":"neighbourhood"},"geometry":{"type":"Point","coordinates":[83.25182,17.74542]}},{"type":"Feature","properties":{"osm":"n3110447567","name":"Sector 2","place":"neighbourhood"},"geometry":{"type":"Point","coordinates":[83.334,17.74606]}},{"type":"Feature","properties":{"osm":"n3110447570","name":"Madhava Dhara","place":"neighbourhood"},"geometry":{"type":"Point","coordinates":[83.26965,17.7465]}},{"type":"Feature","properties":{"osm":"n3110447571","name":"Susarla Colony","place":"neighbourhood"},"geometry":{"type":"Point","coordinates":[83.23247,17.74664]}},{"type":"Feature","properties":{"osm":"n3110447576","name":"Durga Nagar","place":"neighbourhood"},"geometry":{"type":"Point","coordinates":[83.32473,17.7489]}},{"type":"Feature","properties":{"osm":"n3110447577","name":"Nagendra Colony","place":"neighbourhood"},"geometry":{"type":"Point","coordinates":[83.21312,17.74762]}},{"type":"Feature","properties":{"osm":"n3110447578","name":"Santosh Nagar","place":"neighbourhood"},"geometry":{"type":"Point","coordinates":[83.20893,17.74786]}},{"type":"Feature","properties":{"osm":"n3110447579","name":"Burma Colony","place":"neighbourhood"},"geometry":{"type":"Point","coordinates":[83.26881,17.74795]}},{"type":"Feature","properties":{"osm":"n3110447580","name":"Kalinga Nagar","place":"neighbourhood"},"geometry":{"type":"Point","coordinates":[83.25187,17.74809]}},{"type":"Feature","properties":{"osm":"n3110447581","name":"Gopalapatnam","place":"town"},"geometry":{"type":"Point","coordinates":[83.22001,17.74837]}},{"type":"Feature","properties":{"osm":"n3110447582","name":"Tenneti Nagar","place":"neighbourhood"},"geometry":{"type":"Point","coordinates":[83.25703,17.74913]}},{"type":"Feature","properties":{"osm":"n3110447585","name":"VUDA Colony","place":"neighbourhood"},"geometry":{"type":"Point","coordinates":[83.24877,17.75137]}},{"type":"Feature","properties":{"osm":"n3110447588","name":"Vishalakshi Nagar","place":"neighbourhood"},"geometry":{"type":"Point","coordinates":[83.33622,17.75664]}},{"type":"Feature","properties":{"osm":"n3110447590","name":"Cheemalapalle (R)","place":"hamlet"},"geometry":{"type":"Point","coordinates":[83.17747,17.75854]}},{"type":"Feature","properties":{"osm":"n3110447591","name":"RRV Puram","place":"neighbourhood"},"geometry":{"type":"Point","coordinates":[83.21676,17.75654]}},{"type":"Feature","properties":{"osm":"n3110447595","name":"Padmanabha Nagar","place":"neighbourhood"},"geometry":{"type":"Point","coordinates":[83.20263,17.76109]}},{"type":"Feature","properties":{"osm":"n3110447607","name":"Sundar Nagar","place":"neighbourhood"},"geometry":{"type":"Point","coordinates":[83.32773,17.76566]}},{"type":"Feature","properties":{"osm":"n3110447614","name":"Apsara Colony","place":"neighbourhood"},"geometry":{"type":"Point","coordinates":[83.32077,17.76834]}},{"type":"Feature","properties":{"osm":"n3110447615","name":"Mustafa Colony","place":"neighbourhood"},"geometry":{"type":"Point","coordinates":[83.31697,17.76853]}},{"type":"Feature","properties":{"osm":"n3110447619","name":"Sector 4","place":"neighbourhood"},"geometry":{"type":"Point","coordinates":[83.31097,17.77003]}},{"type":"Feature","properties":{"osm":"n3110447627","name":"Porlu Palem","place":"village"},"geometry":{"type":"Point","coordinates":[83.1956,17.77446]}},{"type":"Feature","properties":{"osm":"n3110447631","name":"Pineapple Colony","place":"suburb"},"geometry":{"type":"Point","coordinates":[83.2714,17.78027]}},{"type":"Feature","properties":{"osm":"n3110447634","name":"Simhapuri Colony","place":"neighbourhood"},"geometry":{"type":"Point","coordinates":[83.22439,17.7806]}},{"type":"Feature","properties":{"osm":"n3110447637","name":"Mandavari Palem","place":"village"},"geometry":{"type":"Point","coordinates":[83.16697,17.7792]}},{"type":"Feature","properties":{"osm":"n3110447642","name":"Krishnaraya Puram","place":"neighbourhood"},"geometry":{"type":"Point","coordinates":[83.21343,17.7828]}},{"type":"Feature","properties":{"osm":"n3110447643","name":"Senathivani Palem","place":"neighbourhood"},"geometry":{"type":"Point","coordinates":[83.21696,17.78576]}},{"type":"Feature","properties":{"osm":"n3110447647","name":"Purushottapuram","place":"neighbourhood"},"geometry":{"type":"Point","coordinates":[83.21228,17.78906]}},{"type":"Feature","properties":{"osm":"n3110447654","name":"Sujatha Nagar","place":"neighbourhood"},"geometry":{"type":"Point","coordinates":[83.21543,17.79792]}},{"type":"Feature","properties":{"osm":"n3110447655","name":"Ratnagiri Nagar","place":"neighbourhood"},"geometry":{"type":"Point","coordinates":[83.21001,17.79839]}},{"type":"Feature","properties":{"osm":"n3110447662","name":"Kanthi Nagar","place":"neighbourhood"},"geometry":{"type":"Point","coordinates":[83.21642,17.80428]}},{"type":"Feature","properties":{"osm":"n3110447665","name":"Veera Nagar","place":"neighbourhood"},"geometry":{"type":"Point","coordinates":[83.2242,17.8054]}},{"type":"Feature","properties":{"osm":"n3110447667","name":"VUDA Karmika Nagar","place":"neighbourhood"},"geometry":{"type":"Point","coordinates":[83.21878,17.8077]}},{"type":"Feature","properties":{"osm":"n3110447671","name":"Rtc Colony","place":"neighbourhood"},"geometry":{"type":"Point","coordinates":[83.37062,17.81226]}},{"type":"Feature","properties":{"osm":"n3110447672","name":"Srinivasa Nagar","place":"neighbourhood"},"geometry":{"type":"Point","coordinates":[83.3656,17.81245]}},{"type":"Feature","properties":{"osm":"n3110447674","name":"Chepala Timmapuram","place":"hamlet"},"geometry":{"type":"Point","coordinates":[83.40829,17.81474]}},{"type":"Feature","properties":{"osm":"n3110447675","name":"Maha Laxmi Nagar","place":"neighbourhood"},"geometry":{"type":"Point","coordinates":[83.21457,17.81545]}},{"type":"Feature","properties":{"osm":"n3110447677","name":"Netaji Nagar","place":"neighbourhood"},"geometry":{"type":"Point","coordinates":[83.20824,17.81607]}},{"type":"Feature","properties":{"osm":"n3110447680","name":"Dabbanda","place":"village"},"geometry":{"type":"Point","coordinates":[83.27403,17.81976]}},{"type":"Feature","properties":{"osm":"n3110447690","name":"Aditya Nagar","place":"neighbourhood"},"geometry":{"type":"Point","coordinates":[83.20942,17.82575]}},{"type":"Feature","properties":{"osm":"n3110447699","name":"Taraka Rama Colony","place":"hamlet"},"geometry":{"type":"Point","coordinates":[83.2037,17.83758]}},{"type":"Feature","properties":{"osm":"n3110447703","name":"Saripalli","place":"village"},"geometry":{"type":"Point","coordinates":[83.2012,17.84088]}},{"type":"Feature","properties":{"osm":"n3110447704","name":"Gundi Gundam","place":"village"},"geometry":{"type":"Point","coordinates":[83.25752,17.84307]}},{"type":"Feature","properties":{"osm":"n3110447707","name":"Kotturu","place":"village"},"geometry":{"type":"Point","coordinates":[83.40757,17.85396]}},{"type":"Feature","properties":{"osm":"n3110447715","name":"Denderu","place":"village"},"geometry":{"type":"Point","coordinates":[83.16149,17.86242]}},{"type":"Feature","properties":{"osm":"n3998805061","name":"MVP Colony","place":"suburb"},"geometry":{"type":"Point","coordinates":[83.33569,17.74226]}},{"type":"Feature","properties":{"osm":"n3998805062","name":"Sector 5","place":"neighbourhood"},"geometry":{"type":"Point","coordinates":[83.33265,17.74025]}},{"type":"Feature","properties":{"osm":"n3998805063","name":"Sector 8","place":"neighbourhood"},"geometry":{"type":"Point","coordinates":[83.33522,17.7394]}},{"type":"Feature","properties":{"osm":"n3998854402","name":"Sector 3","place":"neighbourhood"},"geometry":{"type":"Point","coordinates":[83.33323,17.74301]}},{"type":"Feature","properties":{"osm":"n4002622359","name":"Sector 4","place":"neighbourhood"},"geometry":{"type":"Point","coordinates":[83.32919,17.74102]}},{"type":"Feature","properties":{"osm":"n4002634033","name":"Sector 6","place":"neighbourhood"},"geometry":{"type":"Point","coordinates":[83.33736,17.74545]}},{"type":"Feature","properties":{"osm":"n4002636956","name":"Sector 9","place":"neighbourhood"},"geometry":{"type":"Point","coordinates":[83.34032,17.7439]}},{"type":"Feature","properties":{"osm":"n4002639369","name":"Sector 10","place":"neighbourhood"},"geometry":{"type":"Point","coordinates":[83.33953,17.74144]}},{"type":"Feature","properties":{"osm":"n4002639988","name":"Sector 11","place":"neighbourhood"},"geometry":{"type":"Point","coordinates":[83.33862,17.73878]}},{"type":"Feature","properties":{"osm":"n4002640343","name":"Sector 12","place":"neighbourhood"},"geometry":{"type":"Point","coordinates":[83.3372,17.73655]}},{"type":"Feature","properties":{"osm":"n4002644619","name":"Sector 7","place":"neighbourhood"},"geometry":{"type":"Point","coordinates":[83.33758,17.74173]}},{"type":"Feature","properties":{"osm":"n4049776337","name":"Relli Veedhi","place":"quarter"},"geometry":{"type":"Point","coordinates":[83.33051,17.72531]}},{"type":"Feature","properties":{"osm":"n4049959718","name":"Chinna Waltair","place":"quarter"},"geometry":{"type":"Point","coordinates":[83.33744,17.72591]}},{"type":"Feature","properties":{"osm":"n4063790393","name":"Murali Nagar","place":"neighbourhood"},"geometry":{"type":"Point","coordinates":[83.26492,17.74727]}},{"type":"Feature","properties":{"osm":"n4063790394","name":"N.G.G.O's Colony","place":"neighbourhood"},"geometry":{"type":"Point","coordinates":[83.27054,17.74478]}},{"type":"Feature","properties":{"osm":"n4112917394","name":"Pendurthi","name:en":"Pendurthi","place":"town"},"geometry":{"type":"Point","coordinates":[83.20658,17.82136]}},{"type":"Feature","properties":{"osm":"n4112998290","name":"Sunnambattilu","place":"hamlet"},"geometry":{"type":"Point","coordinates":[83.10354,17.77096]}},{"type":"Feature","properties":{"osm":"n4112998590","name":"Asakapalli","place":"village"},"geometry":{"type":"Point","coordinates":[83.11707,17.76953]}},{"type":"Feature","properties":{"osm":"n4113018989","name":"Erukunayudupalem","place":"village"},"geometry":{"type":"Point","coordinates":[83.10748,17.76005]}},{"type":"Feature","properties":{"osm":"n4113019089","name":"Ganapathi Nagar","place":"neighbourhood"},"geometry":{"type":"Point","coordinates":[83.11484,17.77465]}},{"type":"Feature","properties":{"osm":"n4150869079","name":"K Nagarapalem","place":"village"},"geometry":{"type":"Point","coordinates":[83.40116,17.8407]}},{"type":"Feature","properties":{"osm":"n4150869080","name":"Govupeta","place":"village"},"geometry":{"type":"Point","coordinates":[83.407,17.84542]}},{"type":"Feature","properties":{"osm":"n4553780396","name":"JNNURM Colony","place":"neighbourhood"},"geometry":{"type":"Point","coordinates":[83.26943,17.78252]}},{"type":"Feature","properties":{"osm":"n4568458540","name":"Chinna Gadhili","place":"suburb"},"geometry":{"type":"Point","coordinates":[83.3162,17.75992]}},{"type":"Feature","properties":{"osm":"n5491436979","name":"Jagalavanipalem","place":"neighbourhood"},"geometry":{"type":"Point","coordinates":[83.34462,17.7554]}},{"type":"Feature","properties":{"osm":"n5491436980","name":"Santapalem","place":"neighbourhood"},"geometry":{"type":"Point","coordinates":[83.30975,17.75992]}},{"type":"Feature","properties":{"osm":"n5491436981","name":"Tatagaruvu","place":"neighbourhood"},"geometry":{"type":"Point","coordinates":[83.32049,17.76407]}},{"type":"Feature","properties":{"osm":"n5491436982","name":"Arilova","place":"neighbourhood"},"geometry":{"type":"Point","coordinates":[83.31541,17.76512]}},{"type":"Feature","properties":{"osm":"n5491436983","name":"Mudasarlova","place":"suburb"},"geometry":{"type":"Point","coordinates":[83.30284,17.76342]}},{"type":"Feature","properties":{"osm":"n5491436985","name":"Pedda Ghadhili","place":"suburb"},"geometry":{"type":"Point","coordinates":[83.32291,17.7578]}},{"type":"Feature","properties":{"osm":"n5491437001","name":"Pedda Malapalli","place":"village"},"geometry":{"type":"Point","coordinates":[83.33882,17.90285]}},{"type":"Feature","properties":{"osm":"n5491437002","name":"Pandalapaka","place":"village"},"geometry":{"type":"Point","coordinates":[83.34155,17.90762]}},{"type":"Feature","properties":{"osm":"n5491437003","name":"Gollapalem","place":"village"},"geometry":{"type":"Point","coordinates":[83.35064,17.91128]}},{"type":"Feature","properties":{"osm":"n5491437004","name":"Sitammapeta","place":"village"},"geometry":{"type":"Point","coordinates":[83.34778,17.90709]}},{"type":"Feature","properties":{"osm":"n5491437005","name":"Yatapeta","place":"village"},"geometry":{"type":"Point","coordinates":[83.33448,17.90916]}},{"type":"Feature","properties":{"osm":"n5491437006","name":"Nelapeta","place":"village"},"geometry":{"type":"Point","coordinates":[83.36139,17.8994]}},{"type":"Feature","properties":{"osm":"n5491437007","name":"Patavalasa Agraharam","place":"village"},"geometry":{"type":"Point","coordinates":[83.35419,17.90035]}},{"type":"Feature","properties":{"osm":"n5491437136","name":"Pallipeta","place":"village"},"geometry":{"type":"Point","coordinates":[83.38718,17.91565]}},{"type":"Feature","properties":{"osm":"n5491437149","name":"Nammivanipalem","place":"village"},"geometry":{"type":"Point","coordinates":[83.42604,17.91664]}},{"type":"Feature","properties":{"osm":"n5491437151","name":"Dekkatipalem","place":"village"},"geometry":{"type":"Point","coordinates":[83.43414,17.90597]}},{"type":"Feature","properties":{"osm":"n5491437152","name":"Rayapalem","place":"village"},"geometry":{"type":"Point","coordinates":[83.43494,17.91182]}},{"type":"Feature","properties":{"osm":"n5491437153","name":"Rajalingapeta","place":"village"},"geometry":{"type":"Point","coordinates":[83.43507,17.90713]}},{"type":"Feature","properties":{"osm":"n5491437154","name":"Maragadapalem","place":"village"},"geometry":{"type":"Point","coordinates":[83.43485,17.91513]}},{"type":"Feature","properties":{"osm":"n5491437155","name":"Mamidipalem","place":"village"},"geometry":{"type":"Point","coordinates":[83.42813,17.90521]}},{"type":"Feature","properties":{"osm":"n5491437156","name":"Sillapeta","place":"village"},"geometry":{"type":"Point","coordinates":[83.43505,17.91902]}},{"type":"Feature","properties":{"osm":"n5491437157","name":"Kummaripalem","place":"village"},"geometry":{"type":"Point","coordinates":[83.43959,17.90534]}},{"type":"Feature","properties":{"osm":"n5491437165","name":"Gollapalem","place":"village"},"geometry":{"type":"Point","coordinates":[83.40826,17.90464]}},{"type":"Feature","properties":{"osm":"n5491437166","name":"Chettilla Agraharam","place":"village"},"geometry":{"type":"Point","coordinates":[83.40212,17.91328]}},{"type":"Feature","properties":{"osm":"n5491437167","name":"Tallavalasa","place":"village"},"geometry":{"type":"Point","coordinates":[83.41137,17.91102]}},{"type":"Feature","properties":{"osm":"n5491437168","name":"Yatapeta","place":"village"},"geometry":{"type":"Point","coordinates":[83.41373,17.90619]}},{"type":"Feature","properties":{"osm":"n5491437169","name":"Edidasaripalem","place":"hamlet"},"geometry":{"type":"Point","coordinates":[83.42142,17.91476]}},{"type":"Feature","properties":{"osm":"n5491437170","name":"Valandupeta","place":"village"},"geometry":{"type":"Point","coordinates":[83.41343,17.91725]}},{"type":"Feature","properties":{"osm":"n5491437171","name":"Gollapalem","place":"hamlet"},"geometry":{"type":"Point","coordinates":[83.41567,17.91602]}},{"type":"Feature","properties":{"osm":"n5491437172","name":"Karadapeta","place":"hamlet"},"geometry":{"type":"Point","coordinates":[83.41832,17.9142]}},{"type":"Feature","properties":{"osm":"n5491437174","name":"Endada","place":"village"},"geometry":{"type":"Point","coordinates":[83.35922,17.77963]}},{"type":"Feature","properties":{"osm":"n5491437175","name":"Musalayyapalem","place":"neighbourhood"},"geometry":{"type":"Point","coordinates":[83.36053,17.76904]}},{"type":"Feature","properties":{"osm":"n5491437176","name":"Gollapalem","place":"neighbourhood"},"geometry":{"type":"Point","coordinates":[83.36717,17.77549]}},{"type":"Feature","properties":{"osm":"n5491437177","name":"Gudalavanipalem","place":"neighbourhood"},"geometry":{"type":"Point","coordinates":[83.35705,17.7638]}},{"type":"Feature","properties":{"osm":"n5491437178","name":"Baravanipalem","place":"village"},"geometry":{"type":"Point","coordinates":[83.35754,17.84607]}},{"type":"Feature","properties":{"osm":"n5491437179","name":"Marikavalasa","place":"village"},"geometry":{"type":"Point","coordinates":[83.35386,17.83928]}},{"type":"Feature","properties":{"osm":"n5491437180","name":"Mamidilova","place":"village"},"geometry":{"type":"Point","coordinates":[83.28572,17.85234]}},{"type":"Feature","properties":{"osm":"n5491437181","name":"Narayanagajapatirajupuram","place":"village"},"geometry":{"type":"Point","coordinates":[83.26819,17.85163]}},{"type":"Feature","properties":{"osm":"n5491437182","name":"Mannipalem","place":"village"},"geometry":{"type":"Point","coordinates":[83.28195,17.85327]}},{"type":"Feature","properties":{"osm":"n5491437183","name":"Dibbamidipalem","place":"village"},"geometry":{"type":"Point","coordinates":[83.2972,17.85263]}},{"type":"Feature","properties":{"osm":"n5491437184","name":"Gantivanipalem","place":"hamlet"},"geometry":{"type":"Point","coordinates":[83.28669,17.86393]}},{"type":"Feature","properties":{"osm":"n5491437185","name":"Gangasani Agraharam","place":"hamlet"},"geometry":{"type":"Point","coordinates":[83.27041,17.85315]}},{"type":"Feature","properties":{"osm":"n5491437186","name":"Juttada","place":"village"},"geometry":{"type":"Point","coordinates":[83.23265,17.82571]}},{"type":"Feature","properties":{"osm":"n5491437187","name":"Rajayyapeta","place":"village"},"geometry":{"type":"Point","coordinates":[83.21757,17.83453]}},{"type":"Feature","properties":{"osm":"n5491437188","name":"Akkireddipalem","place":"village"},"geometry":{"type":"Point","coordinates":[83.22988,17.83552]}},{"type":"Feature","properties":{"osm":"n5491437189","name":"Saubhagyarayapuram","place":"village"},"geometry":{"type":"Point","coordinates":[83.25006,17.82708]}},{"type":"Feature","properties":{"osm":"n5491437190","name":"Appannapalem","place":"village"},"geometry":{"type":"Point","coordinates":[83.21327,17.83729]}},{"type":"Feature","properties":{"osm":"n5491437191","name":"Naravavanipalem","place":"village"},"geometry":{"type":"Point","coordinates":[83.22119,17.81679]}},{"type":"Feature","properties":{"osm":"n5491437192","name":"Boddapallipalem","place":"village"},"geometry":{"type":"Point","coordinates":[83.23706,17.83406]}},{"type":"Feature","properties":{"osm":"n5491437193","name":"Duvvapalem","place":"village"},"geometry":{"type":"Point","coordinates":[83.24586,17.8187]}},{"type":"Feature","properties":{"osm":"n5491437194","name":"Pendurti","place":"suburb"},"geometry":{"type":"Point","coordinates":[83.20706,17.81094]}},{"type":"Feature","properties":{"osm":"n5491437195","name":"Akkireddipalem","place":"village"},"geometry":{"type":"Point","coordinates":[83.22944,17.83312]}},{"type":"Feature","properties":{"osm":"n5491437197","name":"Mindipalem","place":"village"},"geometry":{"type":"Point","coordinates":[83.30956,17.87855]}},{"type":"Feature","properties":{"osm":"n5491437198","name":"Sontyam","place":"village"},"geometry":{"type":"Point","coordinates":[83.2946,17.86604]}},{"type":"Feature","properties":{"osm":"n5491437199","name":"Gudilova","place":"village"},"geometry":{"type":"Point","coordinates":[83.32919,17.88246]}},{"type":"Feature","properties":{"osm":"n5491437200","name":"Gummadivanipalem","place":"village"},"geometry":{"type":"Point","coordinates":[83.29804,17.87445]}},{"type":"Feature","properties":{"osm":"n5491437201","name":"Nagarapupalem","place":"village"},"geometry":{"type":"Point","coordinates":[83.33915,17.89791]}},{"type":"Feature","properties":{"osm":"n5491437202","name":"Gollapalem","place":"village"},"geometry":{"type":"Point","coordinates":[83.3341,17.89089]}},{"type":"Feature","properties":{"osm":"n5491437203","name":"Pata Palavalasa","place":"village"},"geometry":{"type":"Point","coordinates":[83.35209,17.89762]}},{"type":"Feature","properties":{"osm":"n5491437204","name":"Dukkavanipalem","place":"village"},"geometry":{"type":"Point","coordinates":[83.35176,17.88534]}},{"type":"Feature","properties":{"osm":"n5491437205","name":"Itlavanipalem","place":"village"},"geometry":{"type":"Point","coordinates":[83.36205,17.89118]}},{"type":"Feature","properties":{"osm":"n5491437206","name":"Mettamidipalem","place":"village"},"geometry":{"type":"Point","coordinates":[83.3536,17.89184]}},{"type":"Feature","properties":{"osm":"n5491437207","name":"Boddapalem","place":"village"},"geometry":{"type":"Point","coordinates":[83.38566,17.88362]}},{"type":"Feature","properties":{"osm":"n5491437208","name":"Nalagalapalem","place":"village"},"geometry":{"type":"Point","coordinates":[83.37003,17.89391]}},{"type":"Feature","properties":{"osm":"n5491437209","name":"Vellanki","place":"village"},"geometry":{"type":"Point","coordinates":[83.3884,17.89436]}},{"type":"Feature","properties":{"osm":"n5491437210","name":"Jayanthivari Agraharam","place":"village"},"geometry":{"type":"Point","coordinates":[83.40553,17.8832]}},{"type":"Feature","properties":{"osm":"n5491437211","name":"Garipeta","place":"village"},"geometry":{"type":"Point","coordinates":[83.39437,17.88754]}},{"type":"Feature","properties":{"osm":"n5491437212","name":"Rellipeta","place":"village"},"geometry":{"type":"Point","coordinates":[83.39999,17.89039]}},{"type":"Feature","properties":{"osm":"n5491437213","name":"Kotta Paradesipalem","place":"village"},"geometry":{"type":"Point","coordinates":[83.36477,17.85761]}},{"type":"Feature","properties":{"osm":"n5491437214","name":"Kottavalasa","place":"village"},"geometry":{"type":"Point","coordinates":[83.39291,17.88132]}},{"type":"Feature","properties":{"osm":"n5491437215","name":"Yatapeta","place":"village"},"geometry":{"type":"Point","coordinates":[83.3836,17.87381]}},{"type":"Feature","properties":{"osm":"n5491437216","name":"Ramayogi Agraharam","place":"village"},"geometry":{"type":"Point","coordinates":[83.40394,17.8673]}},{"type":"Feature","properties":{"osm":"n5491437217","name":"Nerellavalasa","ref":"PMGSY:778417","place":"village"},"geometry":{"type":"Point","coordinates":[83.40728,17.86261]}},{"type":"Feature","properties":{"osm":"n5491437218","name":"Gambhiram","place":"village"},"geometry":{"type":"Point","coordinates":[83.37089,17.87954]}},{"type":"Feature","properties":{"osm":"n5491437219","name":"Kallivanipalem","place":"village"},"geometry":{"type":"Point","coordinates":[83.38228,17.87164]}},{"type":"Feature","properties":{"osm":"n5491437220","name":"Nadigattu","place":"village"},"geometry":{"type":"Point","coordinates":[83.39642,17.86732]}},{"type":"Feature","properties":{"osm":"n5491437521","name":"Kapula Uppada","place":"village"},"geometry":{"type":"Point","coordinates":[83.38556,17.85362]}},{"type":"Feature","properties":{"osm":"n5491437522","name":"Pata Paradesipalem","place":"village"},"geometry":{"type":"Point","coordinates":[83.3715,17.85386]}},{"type":"Feature","properties":{"osm":"n5491437523","name":"Komatipalem","place":"hamlet"},"geometry":{"type":"Point","coordinates":[83.3851,17.87179]}},{"type":"Feature","properties":{"osm":"n5491437524","name":"Pata Kallivanipalem","place":"village"},"geometry":{"type":"Point","coordinates":[83.38514,17.86538]}},{"type":"Feature","properties":{"osm":"n5491437525","name":"Boyapalem","place":"village"},"geometry":{"type":"Point","coordinates":[83.36285,17.87033]}},{"type":"Feature","properties":{"osm":"n5491437526","name":"Pedda Uppada","place":"village"},"geometry":{"type":"Point","coordinates":[83.4114,17.85527]}},{"type":"Feature","properties":{"osm":"n5491437527","name":"Chinna Uppada","place":"village"},"geometry":{"type":"Point","coordinates":[83.41063,17.84969]}},{"type":"Feature","properties":{"osm":"n5491437528","name":"Somannapalem","place":"hamlet"},"geometry":{"type":"Point","coordinates":[83.39773,17.84381]}},{"type":"Feature","properties":{"osm":"n5491437529","name":"Gollapalem","place":"village"},"geometry":{"type":"Point","coordinates":[83.39703,17.84189]}},{"type":"Feature","properties":{"osm":"n5491437530","name":"Reddilapalem","place":"village"},"geometry":{"type":"Point","coordinates":[83.39584,17.84302]}},{"type":"Feature","properties":{"osm":"n5491437531","name":"Dabbanda","place":"village"},"geometry":{"type":"Point","coordinates":[83.28889,17.81568]}},{"type":"Feature","properties":{"osm":"n5491437532","name":"Malapalli","place":"hamlet"},"geometry":{"type":"Point","coordinates":[83.28138,17.82262]}},{"type":"Feature","properties":{"osm":"n5491437533","name":"Gollalapalem","place":"hamlet"},"geometry":{"type":"Point","coordinates":[83.27786,17.81689]}},{"type":"Feature","properties":{"osm":"n5491437534","name":"Appikondapalem","place":"hamlet"},"geometry":{"type":"Point","coordinates":[83.27656,17.82336]}},{"type":"Feature","properties":{"osm":"n5491437535","name":"Gandireddipalem","place":"village"},"geometry":{"type":"Point","coordinates":[83.27442,17.81813]}},{"type":"Feature","properties":{"osm":"n5491437536","name":"Sambhuvanipalem","place":"village"},"geometry":{"type":"Point","coordinates":[83.31135,17.79882]}},{"type":"Feature","properties":{"osm":"n5491437537","name":"Lachchakondupalem","place":"neighbourhood"},"geometry":{"type":"Point","coordinates":[83.34141,17.80485]}},{"type":"Feature","properties":{"osm":"n5491437538","name":"Kottapalem","place":"neighbourhood"},"geometry":{"type":"Point","coordinates":[83.37634,17.8219]}},{"type":"Feature","properties":{"osm":"n5491437539","name":"Revallapalem","place":"neighbourhood"},"geometry":{"type":"Point","coordinates":[83.34114,17.81942]}},{"type":"Feature","properties":{"osm":"n5491437540","name":"Chandrammapalem","place":"neighbourhood"},"geometry":{"type":"Point","coordinates":[83.35811,17.81299]}},{"type":"Feature","properties":{"osm":"n5491437541","name":"Devumetta","place":"village"},"geometry":{"type":"Point","coordinates":[83.34253,17.83586]}},{"type":"Feature","properties":{"osm":"n5491437542","name":"Bakkanapalem","place":"neighbourhood"},"geometry":{"type":"Point","coordinates":[83.34129,17.81517]}},{"type":"Feature","properties":{"osm":"n5491437543","name":"Kotturu","place":"village"},"geometry":{"type":"Point","coordinates":[83.34404,17.81594]}},{"type":"Feature","properties":{"osm":"n5491437544","name":"Nagarapalem","place":"neighbourhood"},"geometry":{"type":"Point","coordinates":[83.35868,17.81758]}},{"type":"Feature","properties":{"osm":"n5491437545","name":"Kommadi","place":"village"},"geometry":{"type":"Point","coordinates":[83.33577,17.83065]}},{"type":"Feature","properties":{"osm":"n5491437546","name":"Pontinamallayyapalem","place":"village"},"geometry":{"type":"Point","coordinates":[83.35456,17.80177]}},{"type":"Feature","properties":{"osm":"n5491437547","name":"Madhuravada","place":"village"},"geometry":{"type":"Point","coordinates":[83.34733,17.81776]}},{"type":"Feature","properties":{"osm":"n5491437548","name":"Bottavanipalem","place":"village"},"geometry":{"type":"Point","coordinates":[83.36386,17.82438]}},{"type":"Feature","properties":{"osm":"n5491437549","name":"Mallayyapalem","place":"neighbourhood"},"geometry":{"type":"Point","coordinates":[83.36864,17.81562]}},{"type":"Feature","properties":{"osm":"n5491437550","name":"Gollala Timmapuram","place":"village"},"geometry":{"type":"Point","coordinates":[83.4038,17.81192]}},{"type":"Feature","properties":{"osm":"n5491437551","name":"Vammivanipalem","place":"village"},"geometry":{"type":"Point","coordinates":[83.37953,17.78939]}},{"type":"Feature","properties":{"osm":"n5491437552","name":"Vadapalem","place":"village"},"geometry":{"type":"Point","coordinates":[83.38103,17.78499]}},{"type":"Feature","properties":{"osm":"n5491604342","name":"Chinna Gantyada","place":"suburb"},"geometry":{"type":"Point","coordinates":[83.19153,17.68025]}},{"type":"Feature","properties":{"osm":"n5491604343","name":"Jogavanipalem","place":"neighbourhood"},"geometry":{"type":"Point","coordinates":[83.20421,17.69071]}},{"type":"Feature","properties":{"osm":"n5491604344","name":"Pata Gajuwaka","place":"neighbourhood"},"geometry":{"type":"Point","coordinates":[83.198,17.68891]}},{"type":"Feature","properties":{"osm":"n5491604345","name":"Turakalapalem","place":"neighbourhood"},"geometry":{"type":"Point","coordinates":[83.20237,17.68172]}},{"type":"Feature","properties":{"osm":"n5491604346","name":"Sattivanipalem","place":"neighbourhood"},"geometry":{"type":"Point","coordinates":[83.19906,17.69597]}},{"type":"Feature","properties":{"osm":"n5491604347","name":"Reddy Tungalam","place":"neighbourhood"},"geometry":{"type":"Point","coordinates":[83.19275,17.702]}},{"type":"Feature","properties":{"osm":"n5491604348","name":"Vadlapudi","place":"neighbourhood"},"geometry":{"type":"Point","coordinates":[83.1876,17.69332]}},{"type":"Feature","properties":{"osm":"n5491604349","name":"Tungalam","place":"suburb"},"geometry":{"type":"Point","coordinates":[83.19102,17.70511]}},{"type":"Feature","properties":{"osm":"n5491604350","name":"Jaggayyapalem","place":"suburb"},"geometry":{"type":"Point","coordinates":[83.19556,17.71698]}},{"type":"Feature","properties":{"osm":"n5491604351","name":"Eduruvanipalem","place":"neighbourhood"},"geometry":{"type":"Point","coordinates":[83.22389,17.69875]}},{"type":"Feature","properties":{"osm":"n5491604352","name":"Nehrunagar","place":"neighbourhood"},"geometry":{"type":"Point","coordinates":[83.23041,17.68686]}},{"type":"Feature","properties":{"osm":"n5491604353","name":"Sriram Nagar","place":"neighbourhood"},"geometry":{"type":"Point","coordinates":[83.23533,17.69176]}},{"type":"Feature","properties":{"osm":"n5491604354","name":"Hindupuram","place":"neighbourhood"},"geometry":{"type":"Point","coordinates":[83.21092,17.69705]}},{"type":"Feature","properties":{"osm":"n5491604355","name":"Mindi","place":"neighbourhood"},"geometry":{"type":"Point","coordinates":[83.21233,17.70191]}},{"type":"Feature","properties":{"osm":"n5491604356","name":"Kotha Narava","place":"village"},"geometry":{"type":"Point","coordinates":[83.18805,17.73801]}},{"type":"Feature","properties":{"osm":"n5559075222","name":"Gorinta","place":"hamlet"},"geometry":{"type":"Point","coordinates":[83.25438,17.87641]}},{"type":"Feature","properties":{"osm":"n5559075223","name":"Ramavaram","place":"village"},"geometry":{"type":"Point","coordinates":[83.24416,17.8664]}},{"type":"Feature","properties":{"osm":"n5559075224","name":"Pappulavanipalem","place":"hamlet"},"geometry":{"type":"Point","coordinates":[83.25622,17.89489]}},{"type":"Feature","properties":{"osm":"n5559075225","name":"Erravanipalem","place":"hamlet"},"geometry":{"type":"Point","coordinates":[83.25323,17.88419]}},{"type":"Feature","properties":{"osm":"n5559075226","name":"Tummivanipalem","place":"hamlet"},"geometry":{"type":"Point","coordinates":[83.24603,17.88877]}},{"type":"Feature","properties":{"osm":"n5559075227","name":"Appannadorapalem","place":"hamlet"},"geometry":{"type":"Point","coordinates":[83.21894,17.91068]}},{"type":"Feature","properties":{"osm":"n5559075228","name":"Relli","place":"hamlet"},"geometry":{"type":"Point","coordinates":[83.22623,17.89151]}},{"type":"Feature","properties":{"osm":"n5559075229","name":"Kolavanipalem","place":"village"},"geometry":{"type":"Point","coordinates":[83.2527,17.88931]}},{"type":"Feature","properties":{"osm":"n5559075230","name":"Bhimannadorapalem","place":"village"},"geometry":{"type":"Point","coordinates":[83.2447,17.89259]}},{"type":"Feature","properties":{"osm":"n5559075231","name":"Mummanavanipalem","place":"hamlet"},"geometry":{"type":"Point","coordinates":[83.23596,17.8966]}},{"type":"Feature","properties":{"osm":"n5559075232","name":"Appannadorapalem","place":"hamlet"},"geometry":{"type":"Point","coordinates":[83.22521,17.90156]}},{"type":"Feature","properties":{"osm":"n5559075233","name":"Rajapatrunipalem","place":"village"},"geometry":{"type":"Point","coordinates":[83.16774,17.89869]}},{"type":"Feature","properties":{"osm":"n5559075234","name":"Gavarapalem","place":"hamlet"},"geometry":{"type":"Point","coordinates":[83.17953,17.88726]}},{"type":"Feature","properties":{"osm":"n5559075235","name":"Ramachandrapuram","place":"village"},"geometry":{"type":"Point","coordinates":[83.16922,17.8821]}},{"type":"Feature","properties":{"osm":"n5559075236","name":"Mindivalasa","place":"hamlet"},"geometry":{"type":"Point","coordinates":[83.16845,17.88621]}},{"type":"Feature","properties":{"osm":"n5559075237","name":"Kothavalasa","place":"town","population":"6079"},"geometry":{"type":"Point","coordinates":[83.18371,17.89584]}},{"type":"Feature","properties":{"osm":"n5559075238","name":"Desapatrunipalem","place":"village"},"geometry":{"type":"Point","coordinates":[83.19809,17.86663]}},{"type":"Feature","properties":{"osm":"n5559075239","name":"Boddunayudupalem","place":"hamlet"},"geometry":{"type":"Point","coordinates":[83.21174,17.86756]}},{"type":"Feature","properties":{"osm":"n5559075240","name":"Mangalapalem","place":"village"},"geometry":{"type":"Point","coordinates":[83.18832,17.87604]}},{"type":"Feature","properties":{"osm":"n5559075241","name":"Tadivanipalem","place":"village"},"geometry":{"type":"Point","coordinates":[83.19058,17.85706]}},{"type":"Feature","properties":{"osm":"n5559075242","name":"Gollapeta","place":"village"},"geometry":{"type":"Point","coordinates":[83.19566,17.84946]}},{"type":"Feature","properties":{"osm":"n5559075243","name":"Chintalapalem","place":"village"},"geometry":{"type":"Point","coordinates":[83.20172,17.85571]}},{"type":"Feature","properties":{"osm":"n5559075244","name":"Gangammapeta","place":"hamlet"},"geometry":{"type":"Point","coordinates":[83.17768,17.8319]}},{"type":"Feature","properties":{"osm":"n5559075245","name":"Gorapalli","place":"village"},"geometry":{"type":"Point","coordinates":[83.17739,17.83468]}},{"type":"Feature","properties":{"osm":"n5559075246","name":"Kotnivanipalem","place":"village"},"geometry":{"type":"Point","coordinates":[83.17134,17.83239]}},{"type":"Feature","properties":{"osm":"n5559075247","name":"Gavarapalem","place":"village"},"geometry":{"type":"Point","coordinates":[83.18027,17.8454]}},{"type":"Feature","properties":{"osm":"n5559075248","name":"Mallunayudupalem","place":"village"},"geometry":{"type":"Point","coordinates":[83.15114,17.82441]}},{"type":"Feature","properties":{"osm":"n5559075249","name":"Mogalipuram","place":"village"},"geometry":{"type":"Point","coordinates":[83.15807,17.82722]}},{"type":"Feature","properties":{"osm":"n5559075250","name":"Gullipalle","place":"village"},"geometry":{"type":"Point","coordinates":[83.14033,17.83404]}},{"type":"Feature","properties":{"osm":"n5559075251","name":"Ganisettipalem","place":"village"},"geometry":{"type":"Point","coordinates":[83.16485,17.86903]}},{"type":"Feature","properties":{"osm":"n5559075252","name":"Gulivindada","place":"village"},"geometry":{"type":"Point","coordinates":[83.16008,17.87241]}},{"type":"Feature","properties":{"osm":"n5559075253","name":"Gollapalem","place":"hamlet"},"geometry":{"type":"Point","coordinates":[83.17026,17.84603]}},{"type":"Feature","properties":{"osm":"n5559075254","name":"Santapalem","place":"village"},"geometry":{"type":"Point","coordinates":[83.17193,17.85232]}},{"type":"Feature","properties":{"osm":"n5559075255","name":"Dudduwaka","place":"hamlet"},"geometry":{"type":"Point","coordinates":[83.11037,17.85506]}},{"type":"Feature","properties":{"osm":"n5559075257","name":"Boduvalasa","place":"village","population":"1723"},"geometry":{"type":"Point","coordinates":[83.137,17.84509]}},{"type":"Feature","properties":{"osm":"n5559075258","name":"Budiredlavanipalem","place":"village"},"geometry":{"type":"Point","coordinates":[83.12544,17.85232]}},{"type":"Feature","properties":{"osm":"n5559075259","name":"Ayyannapalem","place":"village"},"geometry":{"type":"Point","coordinates":[83.12316,17.84698]}},{"type":"Feature","properties":{"osm":"n5559075260","name":"Malapalli","place":"hamlet"},"geometry":{"type":"Point","coordinates":[83.12033,17.84922]}},{"type":"Feature","properties":{"osm":"n5559075261","name":"Marripalem","place":"village"},"geometry":{"type":"Point","coordinates":[83.12591,17.85741]}},{"type":"Feature","properties":{"osm":"n5559075262","name":"Ellappi","place":"village"},"geometry":{"type":"Point","coordinates":[83.13801,17.85785]}},{"type":"Feature","properties":{"osm":"n5559075263","name":"Ramalingapuram","place":"village","population":"1621"},"geometry":{"type":"Point","coordinates":[83.13008,17.91891]}},{"type":"Feature","properties":{"osm":"n5559075264","name":"Erravanipalem","place":"hamlet"},"geometry":{"type":"Point","coordinates":[83.13315,17.89067]}},{"type":"Feature","properties":{"osm":"n5559075265","name":"Sundarayyapeta","place":"hamlet"},"geometry":{"type":"Point","coordinates":[83.14089,17.90539]}},{"type":"Feature","properties":{"osm":"n5559075266","name":"Kottavanipalem","place":"village"},"geometry":{"type":"Point","coordinates":[83.14821,17.91362]}},{"type":"Feature","properties":{"osm":"n5559075267","name":"Cheedivalasa","place":"village"},"geometry":{"type":"Point","coordinates":[83.13916,17.90153]}},{"type":"Feature","properties":{"osm":"n5559075268","name":"Chipuruvalasa","place":"village"},"geometry":{"type":"Point","coordinates":[83.15227,17.88987]}},{"type":"Feature","properties":{"osm":"n5559075269","name":"Gollalapalem","place":"village"},"geometry":{"type":"Point","coordinates":[83.1551,17.9056]}},{"type":"Feature","properties":{"osm":"n5559075270","name":"Marrivalasa","place":"village"},"geometry":{"type":"Point","coordinates":[83.10325,17.89353]}},{"type":"Feature","properties":{"osm":"n5559075271","name":"Srungavaram","place":"village"},"geometry":{"type":"Point","coordinates":[83.1134,17.90354]}},{"type":"Feature","properties":{"osm":"n5559075272","name":"Gollalapalem","place":"hamlet"},"geometry":{"type":"Point","coordinates":[83.11849,17.91409]}},{"type":"Feature","properties":{"osm":"n5559075273","name":"Patavalasa","place":"village"},"geometry":{"type":"Point","coordinates":[83.10601,17.88517]}},{"type":"Feature","properties":{"osm":"n5559075274","name":"Goum","place":"village"},"geometry":{"type":"Point","coordinates":[83.11957,17.88917]}},{"type":"Feature","properties":{"osm":"n5559235079","name":"Tummikapalle","place":"village"},"geometry":{"type":"Point","coordinates":[83.17882,17.91264]}},{"type":"Feature","properties":{"osm":"n5559235080","name":"Tummikapalli Gate","place":"hamlet"},"geometry":{"type":"Point","coordinates":[83.18646,17.91007]}},{"type":"Feature","properties":{"osm":"n5559235199","name":"Gollalapalem","place":"hamlet"},"geometry":{"type":"Point","coordinates":[83.2004,17.9143]}},{"type":"Feature","properties":{"osm":"n5559235200","name":"Ardhannapalem","place":"hamlet"},"geometry":{"type":"Point","coordinates":[83.19909,17.9176]}},{"type":"Feature","properties":{"osm":"n5648119046","name":"Gangavaram","place":"village"},"geometry":{"type":"Point","coordinates":[83.13384,17.71935]}},{"type":"Feature","properties":{"osm":"n5648119047","name":"Vedurlanarava","place":"village"},"geometry":{"type":"Point","coordinates":[83.14101,17.72264]}},{"type":"Feature","properties":{"osm":"n5648119048","name":"Settivanipalem","place":"hamlet"},"geometry":{"type":"Point","coordinates":[83.12546,17.73389]}},{"type":"Feature","properties":{"osm":"n5648119049","name":"Kotturu","place":"village"},"geometry":{"type":"Point","coordinates":[83.1465,17.71449]}},{"type":"Feature","properties":{"osm":"n5648119050","name":"Mangalipalem","place":"village"},"geometry":{"type":"Point","coordinates":[83.14164,17.70636]}},{"type":"Feature","properties":{"osm":"n5648119051","name":"Etapalem","place":"village"},"geometry":{"type":"Point","coordinates":[83.15494,17.69521]}},{"type":"Feature","properties":{"osm":"n5648119052","name":"Satram","place":"neighbourhood"},"geometry":{"type":"Point","coordinates":[83.12941,17.69099]}},{"type":"Feature","properties":{"osm":"n5648119053","name":"Lakkarajupalem","place":"village"},"geometry":{"type":"Point","coordinates":[83.14609,17.69352]}},{"type":"Feature","properties":{"osm":"n5648119054","name":"Erravanipalem","place":"neighbourhood"},"geometry":{"type":"Point","coordinates":[83.1413,17.68578]}},{"type":"Feature","properties":{"osm":"n5648119055","name":"Aganampudi","place":"suburb"},"geometry":{"type":"Point","coordinates":[83.13548,17.68601]}},{"type":"Feature","properties":{"osm":"n5648119056","name":"Talarivanipalem","place":"village"},"geometry":{"type":"Point","coordinates":[83.13867,17.696]}},{"type":"Feature","properties":{"osm":"n5648119068","name":"Pedda Mushidivada","place":"village"},"geometry":{"type":"Point","coordinates":[83.10085,17.71821]}},{"type":"Feature","properties":{"osm":"n5648119069","name":"Marripalem","place":"village"},"geometry":{"type":"Point","coordinates":[83.11883,17.70521]}},{"type":"Feature","properties":{"osm":"n5648119091","name":"Pedda Nayudupalem","place":"village"},"geometry":{"type":"Point","coordinates":[83.13946,17.7938]}},{"type":"Feature","properties":{"osm":"n5648119092","name":"Sureddivanipalem","place":"hamlet"},"geometry":{"type":"Point","coordinates":[83.1379,17.7872]}},{"type":"Feature","properties":{"osm":"n5648119093","name":"Tavvavanipalem","place":"village"},"geometry":{"type":"Point","coordinates":[83.14466,17.7928]}},{"type":"Feature","properties":{"osm":"n5648119094","name":"Amrutapuram","place":"village"},"geometry":{"type":"Point","coordinates":[83.14336,17.78455]}},{"type":"Feature","properties":{"osm":"n5648119095","name":"Iruvada","place":"village"},"geometry":{"type":"Point","coordinates":[83.1274,17.77973]}},{"type":"Feature","properties":{"osm":"n5648119096","name":"Gollalapalem","place":"hamlet"},"geometry":{"type":"Point","coordinates":[83.13138,17.78753]}},{"type":"Feature","properties":{"osm":"n5648119097","name":"Patha Sabbavaram","place":"hamlet"},"geometry":{"type":"Point","coordinates":[83.11689,17.79445]}},{"type":"Feature","properties":{"osm":"n5648119098","name":"Ravalammapalem","place":"village"},"geometry":{"type":"Point","coordinates":[83.124,17.81961]}},{"type":"Feature","properties":{"osm":"n5648119099","name":"Gotivada","place":"village"},"geometry":{"type":"Point","coordinates":[83.10908,17.79614]}},{"type":"Feature","properties":{"osm":"n5648119102","name":"Jangalapalem","place":"village"},"geometry":{"type":"Point","coordinates":[83.10894,17.81036]}},{"type":"Feature","properties":{"osm":"n5648119103","name":"Bondavanipalem","place":"hamlet"},"geometry":{"type":"Point","coordinates":[83.10429,17.80079]}},{"type":"Feature","properties":{"osm":"n5648119104","name":"Antakapalli","place":"village"},"geometry":{"type":"Point","coordinates":[83.12116,17.81469]}},{"type":"Feature","properties":{"osm":"n5648121122","name":"Sudivalasa","place":"village"},"geometry":{"type":"Point","coordinates":[83.10814,17.87531]}},{"type":"Feature","properties":{"osm":"n5648121160","name":"Erravanipalem","place":"village"},"geometry":{"type":"Point","coordinates":[83.10554,17.78239]}},{"type":"Feature","properties":{"osm":"n5648121162","name":"Jagaravanipalem","place":"hamlet"},"geometry":{"type":"Point","coordinates":[83.10024,17.77524]}},{"type":"Feature","properties":{"osm":"n5648121163","name":"Gollalapalem","place":"village"},"geometry":{"type":"Point","coordinates":[83.13637,17.74767]}},{"type":"Feature","properties":{"osm":"n5648121164","name":"Tammayyapalem","place":"hamlet"},"geometry":{"type":"Point","coordinates":[83.14346,17.76154]}},{"type":"Feature","properties":{"osm":"n5648121165","name":"Amarupinivanipalem","place":"village"},"geometry":{"type":"Point","coordinates":[83.14219,17.76533]}},{"type":"Feature","properties":{"osm":"n5648121166","name":"Appayyapalem","place":"hamlet"},"geometry":{"type":"Point","coordinates":[83.14292,17.75717]}},{"type":"Feature","properties":{"osm":"n5648121167","name":"Jagannathapuram","place":"village"},"geometry":{"type":"Point","coordinates":[83.12123,17.75052]}},{"type":"Feature","properties":{"osm":"n5648121168","name":"Paidivada","place":"village","population":"983"},"geometry":{"type":"Point","coordinates":[83.11942,17.75728]}},{"type":"Feature","properties":{"osm":"n5648121169","name":"Ippalavanipalem","place":"village"},"geometry":{"type":"Point","coordinates":[83.16375,17.76973]}},{"type":"Feature","properties":{"osm":"n5648121170","name":"Jerripotulapalem","place":"village"},"geometry":{"type":"Point","coordinates":[83.17065,17.7683]}},{"type":"Feature","properties":{"osm":"n5648121171","name":"Chintagatla","place":"village"},"geometry":{"type":"Point","coordinates":[83.16244,17.78209]}},{"type":"Feature","properties":{"osm":"n5648121172","name":"Pedagadi","place":"village"},"geometry":{"type":"Point","coordinates":[83.17718,17.79709]}},{"type":"Feature","properties":{"osm":"n5648121173","name":"Rampuram","place":"village"},"geometry":{"type":"Point","coordinates":[83.18146,17.81146]}},{"type":"Feature","properties":{"osm":"n5648121174","name":"Pinagadi","place":"village"},"geometry":{"type":"Point","coordinates":[83.17322,17.80553]}},{"type":"Feature","properties":{"osm":"n5648121175","name":"Shrirampuram","place":"hamlet"},"geometry":{"type":"Point","coordinates":[83.18016,17.80603]}},{"type":"Feature","properties":{"osm":"n5648121176","name":"Karakavanipalem","place":"village"},"geometry":{"type":"Point","coordinates":[83.18311,17.82795]}},{"type":"Feature","properties":{"osm":"n5648121177","name":"Gurammapalem","place":"village"},"geometry":{"type":"Point","coordinates":[83.21545,17.84074]}},{"type":"Feature","properties":{"osm":"n5648121178","name":"Rayavarapuvanipalem","place":"hamlet"},"geometry":{"type":"Point","coordinates":[83.2067,17.83473]}},{"type":"Feature","properties":{"osm":"n5648121179","name":"Nilakantapuram","place":"hamlet"},"geometry":{"type":"Point","coordinates":[83.20605,17.83641]}},{"type":"Feature","properties":{"osm":"n5648121180","name":"Govindapuram","place":"village"},"geometry":{"type":"Point","coordinates":[83.21534,17.85076]}},{"type":"Feature","properties":{"osm":"n5648121181","name":"Mudapaka","place":"village"},"geometry":{"type":"Point","coordinates":[83.21806,17.85603]}},{"type":"Feature","properties":{"osm":"n5648121182","name":"Gollala Kanamam","place":"village"},"geometry":{"type":"Point","coordinates":[83.27852,17.87069]}},{"type":"Feature","properties":{"osm":"n5648121183","name":"Ayyavari Kanamam","place":"village"},"geometry":{"type":"Point","coordinates":[83.27751,17.88176]}},{"type":"Feature","properties":{"osm":"n5648121184","name":"Dibbadipalem","place":"village"},"geometry":{"type":"Point","coordinates":[83.29163,17.8809]}},{"type":"Feature","properties":{"osm":"n5648121185","name":"Abotuvanipalem","place":"hamlet"},"geometry":{"type":"Point","coordinates":[83.28501,17.87195]}},{"type":"Feature","properties":{"osm":"n5648121186","name":"Vemakotipalem","place":"village"},"geometry":{"type":"Point","coordinates":[83.28206,17.89493]}},{"type":"Feature","properties":{"osm":"n5648121187","name":"Gidijala","place":"village"},"geometry":{"type":"Point","coordinates":[83.29293,17.89355]}},{"type":"Feature","properties":{"osm":"n5648121188","name":"Muchcherla","place":"village"},"geometry":{"type":"Point","coordinates":[83.28601,17.9053]}},{"type":"Feature","properties":{"osm":"n5648121189","name":"Tangudubilli Agraharam","place":"hamlet"},"geometry":{"type":"Point","coordinates":[83.27392,17.90403]}},{"type":"Feature","properties":{"osm":"n5648121190","name":"Lakshmidevipeta","place":"village"},"geometry":{"type":"Point","coordinates":[83.28596,17.90211]}},{"type":"Feature","properties":{"osm":"n5648121195","name":"Gompalapuram","place":"hamlet"},"geometry":{"type":"Point","coordinates":[83.31159,17.91506]}},{"type":"Feature","properties":{"osm":"n5648121196","name":"Podugupalem","place":"hamlet"},"geometry":{"type":"Point","coordinates":[83.36312,17.91444]}},{"type":"Feature","properties":{"osm":"n6306934371","name":"Srinivasa Nagar","place":"neighbourhood"},"geometry":{"type":"Point","coordinates":[83.28048,17.74212]}},{"type":"Feature","properties":{"osm":"n6761456286","name":"Yarada","place":"village"},"geometry":{"type":"Point","coordinates":[83.27598,17.6595]}},{"type":"Feature","properties":{"osm":"n6953124862","name":"Anandapuram","place":"village","population":"7707"},"geometry":{"type":"Point","coordinates":[83.3705,17.90389]}},{"type":"Feature","properties":{"osm":"n10115825586","name":"Balaji 99 Uplands","place":"neighbourhood","building":"apartments"},"geometry":{"type":"Point","coordinates":[83.31404,17.72167]}},{"type":"Feature","properties":{"osm":"n10125339796","name":"Gnanapuram","place":"suburb"},"geometry":{"type":"Point","coordinates":[83.2855,17.7204]}},{"type":"Feature","properties":{"osm":"n10806695640","name":"Kirlampudi Layout","place":"neighbourhood"},"geometry":{"type":"Point","coordinates":[83.33215,17.72122]}},{"type":"Feature","properties":{"osm":"n11728007143","name":"Dasarivanipalem","place":"village"},"geometry":{"type":"Point","coordinates":[83.1752,17.90991]}},{"type":"Feature","properties":{"osm":"n11756470467","name":"Santhi Nagar","place":"neighbourhood"},"geometry":{"type":"Point","coordinates":[83.23891,17.74382]}},{"type":"Feature","properties":{"osm":"n11795745858","name":"Daba Gardens","place":"neighbourhood"},"geometry":{"type":"Point","coordinates":[83.29865,17.71723]}},{"type":"Feature","properties":{"osm":"n11851269147","name":"North Marripalem Railway Colony","place":"neighbourhood"},"geometry":{"type":"Point","coordinates":[83.25088,17.74208]}},{"type":"Feature","properties":{"osm":"n11866256607","name":"Rajanna Colony","place":"hamlet"},"geometry":{"type":"Point","coordinates":[83.19383,17.91281]}},{"type":"Feature","properties":{"osm":"n11866256608","name":"Chinnamannipalem","place":"hamlet"},"geometry":{"type":"Point","coordinates":[83.2077,17.91708]}},{"type":"Feature","properties":{"osm":"n12182622691","name":"Janardhan Nagar","place":"neighbourhood"},"geometry":{"type":"Point","coordinates":[83.18706,17.90776]}},{"type":"Feature","properties":{"osm":"n12215513388","name":"Cheemalapalle","place":"hamlet"},"geometry":{"type":"Point","coordinates":[83.19952,17.78207]}},{"type":"Feature","properties":{"osm":"n12215513389","name":"Lakshmipuram","place":"hamlet"},"geometry":{"type":"Point","coordinates":[83.19824,17.78757]}},{"type":"Feature","properties":{"osm":"n12215513390","name":"Chintala Agraharam","place":"village"},"geometry":{"type":"Point","coordinates":[83.19153,17.78582]}},{"type":"Feature","properties":{"osm":"n12215513394","name":"Venkatapuram","place":"neighbourhood"},"geometry":{"type":"Point","coordinates":[83.2057,17.761]}},{"type":"Feature","properties":{"osm":"n12215513464","name":"Doggavanipalem","place":"neighbourhood"},"geometry":{"type":"Point","coordinates":[83.20044,17.81386]}},{"type":"Feature","properties":{"osm":"n12238740344","name":"Ravi Nagar","place":"neighbourhood"},"geometry":{"type":"Point","coordinates":[83.21293,17.76651]}},{"type":"Feature","properties":{"osm":"n12388535224","name":"SCBC Colony","place":"neighbourhood"},"geometry":{"type":"Point","coordinates":[83.20413,17.81194]}},{"type":"Feature","properties":{"osm":"n12388535225","name":"N.A.D.VUDA Layout","place":"neighbourhood"},"geometry":{"type":"Point","coordinates":[83.20695,17.79757]}},{"type":"Feature","properties":{"osm":"n12388535226","name":"Chinnamushidiwada","place":"suburb"},"geometry":{"type":"Point","coordinates":[83.20502,17.81101]}},{"type":"Feature","properties":{"osm":"n12388535227","name":"Srinivas Nagar","place":"neighbourhood"},"geometry":{"type":"Point","coordinates":[83.23797,17.77096]}},{"type":"Feature","properties":{"osm":"n12388535228","name":"Sri Sai Nagar","place":"neighbourhood"},"geometry":{"type":"Point","coordinates":[83.24476,17.77633]}},{"type":"Feature","properties":{"osm":"n12388535229","name":"Old Adavivaram","place":"neighbourhood"},"geometry":{"type":"Point","coordinates":[83.25007,17.77728]}},{"type":"Feature","properties":{"osm":"n12388535230","name":"Apppannapalem","place":"neighbourhood"},"geometry":{"type":"Point","coordinates":[83.2226,17.77001]}},{"type":"Feature","properties":{"osm":"n12388535231","name":"Simhapuri Colony","place":"neighbourhood"},"geometry":{"type":"Point","coordinates":[83.22642,17.77799]}},{"type":"Feature","properties":{"osm":"n12388535232","name":"Shipyard Layout","place":"neighbourhood"},"geometry":{"type":"Point","coordinates":[83.23453,17.77764]}},{"type":"Feature","properties":{"osm":"n12388535233","name":"Sai Madhava Nagar","place":"neighbourhood"},"geometry":{"type":"Point","coordinates":[83.21927,17.77228]}},{"type":"Feature","properties":{"osm":"n12388535235","name":"Viratnagar","place":"quarter"},"geometry":{"type":"Point","coordinates":[83.22434,17.76251]}},{"type":"Feature","properties":{"osm":"n12388535236","name":"Simhadri Nagar","place":"quarter"},"geometry":{"type":"Point","coordinates":[83.22269,17.75977]}},{"type":"Feature","properties":{"osm":"n12395006141","name":"APHB Colony","place":"neighbourhood"},"geometry":{"type":"Point","coordinates":[83.36694,17.80839]}},{"type":"Feature","properties":{"osm":"n12395006142","name":"Vambay Colony","place":"neighbourhood"},"geometry":{"type":"Point","coordinates":[83.36391,17.81469]}},{"type":"Feature","properties":{"osm":"n12395006143","name":"Dharampuri Colony","place":"neighbourhood"},"geometry":{"type":"Point","coordinates":[83.36091,17.80143]}},{"type":"Feature","properties":{"osm":"n12395006144","name":"Vasundhara Nagar","place":"neighbourhood"},"geometry":{"type":"Point","coordinates":[83.3587,17.79633]}},{"type":"Feature","properties":{"osm":"n12395006145","name":"Chanakyapuri Layout","place":"neighbourhood"},"geometry":{"type":"Point","coordinates":[83.35632,17.79609]}},{"type":"Feature","properties":{"osm":"n12395006146","name":"Taraka Rama Nagar","place":"neighbourhood"},"geometry":{"type":"Point","coordinates":[83.3538,17.7999]}},{"type":"Feature","properties":{"osm":"n12395006147","name":"Sundar Nagar","place":"neighbourhood"},"geometry":{"type":"Point","coordinates":[83.35776,17.79731]}},{"type":"Feature","properties":{"osm":"n12395006148","name":"Bindra Nagar","place":"neighbourhood"},"geometry":{"type":"Point","coordinates":[83.35646,17.80204]}},{"type":"Feature","properties":{"osm":"n12395006149","name":"Midhilapuri VUDA Colony","place":"neighbourhood"},"geometry":{"type":"Point","coordinates":[83.36356,17.80495]}},{"type":"Feature","properties":{"osm":"n12395006150","name":"YSR Nagar","place":"neighbourhood"},"geometry":{"type":"Point","coordinates":[83.36608,17.82766]}},{"type":"Feature","properties":{"osm":"n12395006151","name":"Carpenters Colony","place":"neighbourhood"},"geometry":{"type":"Point","coordinates":[83.36047,17.82648]}},{"type":"Feature","properties":{"osm":"n12395006152","name":"Kommadi Junction","place":"neighbourhood"},"geometry":{"type":"Point","coordinates":[83.35582,17.8249]}},{"type":"Feature","properties":{"osm":"n12395006153","name":"AP Housing Board Apartments","place":"neighbourhood"},"geometry":{"type":"Point","coordinates":[83.34704,17.82858]}},{"type":"Feature","properties":{"osm":"n12395006155","name":"Rajiv Gruha Kalpa Housing Complex","place":"neighbourhood"},"geometry":{"type":"Point","coordinates":[83.34523,17.83069]}},{"type":"Feature","properties":{"osm":"n12395006156","name":"R.H.Colony","place":"neighbourhood"},"geometry":{"type":"Point","coordinates":[83.34374,17.80169]}},{"type":"Feature","properties":{"osm":"n12395006157","name":"Gayatri Nagar","place":"neighbourhood"},"geometry":{"type":"Point","coordinates":[83.34883,17.80556]}},{"type":"Feature","properties":{"osm":"n12395006158","name":"SBI Colony","place":"neighbourhood"},"geometry":{"type":"Point","coordinates":[83.34666,17.80562]}},{"type":"Feature","properties":{"osm":"n12395006159","name":"Madhurawada","place":"town"},"geometry":{"type":"Point","coordinates":[83.35402,17.81025]}},{"type":"Feature","properties":{"osm":"n12395006162","name":"Priyadarshini Colony","place":"neighbourhood"},"geometry":{"type":"Point","coordinates":[83.36089,17.81869]}},{"type":"Feature","properties":{"osm":"n12395006163","name":"Vikalangula Colony","place":"neighbourhood"},"geometry":{"type":"Point","coordinates":[83.35871,17.82466]}},{"type":"Feature","properties":{"osm":"n12395006164","name":"Sivasakthi Nagar","place":"neighbourhood"},"geometry":{"type":"Point","coordinates":[83.36941,17.82484]}},{"type":"Feature","properties":{"osm":"n12395006165","name":"Ayodhyanagar","place":"neighbourhood"},"geometry":{"type":"Point","coordinates":[83.36891,17.82072]}},{"type":"Feature","properties":{"osm":"n12395006174","name":"Kala Nagar","place":"neighbourhood"},"geometry":{"type":"Point","coordinates":[83.34997,17.82194]}},{"type":"Feature","properties":{"osm":"n12395006175","name":"Gandhi Nagar","place":"neighbourhood"},"geometry":{"type":"Point","coordinates":[83.34634,17.82444]}},{"type":"Feature","properties":{"osm":"n12395006176","name":"Sector 2","place":"neighbourhood"},"geometry":{"type":"Point","coordinates":[83.35092,17.82814]}},{"type":"Feature","properties":{"osm":"n12395006189","name":"Amaravati Nagar","place":"neighbourhood"},"geometry":{"type":"Point","coordinates":[83.33433,17.83587]}},{"type":"Feature","properties":{"osm":"n12395006190","name":"Carshed Junction","place":"neighbourhood"},"geometry":{"type":"Point","coordinates":[83.35272,17.80407]}},{"type":"Feature","properties":{"osm":"n12395006191","name":"Kamala Nagar Colony","place":"neighbourhood"},"geometry":{"type":"Point","coordinates":[83.35866,17.85089]}},{"type":"Feature","properties":{"osm":"n12397492488","name":"Venkojipalem","place":"suburb"},"geometry":{"type":"Point","coordinates":[83.32916,17.74784]}},{"type":"Feature","properties":{"osm":"n12397492489","name":"Hanumanthuwaka Junction","place":"neighbourhood"},"geometry":{"type":"Point","coordinates":[83.33231,17.75496]}},{"type":"Feature","properties":{"osm":"n12397492490","name":"Hanumanthuwaka","place":"suburb"},"geometry":{"type":"Point","coordinates":[83.3301,17.76041]}},{"type":"Feature","properties":{"osm":"n12397492491","name":"Kailasagiri","place":"neighbourhood"},"geometry":{"type":"Point","coordinates":[83.33969,17.74996]}},{"type":"Feature","properties":{"osm":"n12397509909","name":"Dwaraka Nagar","place":"suburb"},"geometry":{"type":"Point","coordinates":[83.3093,17.72859]}},{"type":"Feature","properties":{"osm":"n12397509910","name":"Jagadamba Junction","place":"neighbourhood"},"geometry":{"type":"Point","coordinates":[83.303,17.71238]}},{"type":"Feature","properties":{"osm":"n12397509911","name":"Purna Market","place":"neighbourhood"},"geometry":{"type":"Point","coordinates":[83.29705,17.70936]}},{"type":"Feature","properties":{"osm":"n12397509913","name":"Old Post Office Area","place":"suburb"},"geometry":{"type":"Point","coordinates":[83.29207,17.69424]}},{"type":"Feature","properties":{"osm":"n12397509920","name":"One Town","place":"neighbourhood"},"geometry":{"type":"Point","coordinates":[83.29402,17.69738]}},{"type":"Feature","properties":{"osm":"n12397509921","name":"Siripuram Junction","place":"suburb"},"geometry":{"type":"Point","coordinates":[83.31795,17.72314]}},{"type":"Feature","properties":{"osm":"n12397545503","name":"Railway New Colony","place":"neighbourhood"},"geometry":{"type":"Point","coordinates":[83.29403,17.72454]}},{"type":"Feature","properties":{"osm":"n12397545504","name":"Thatichetlapalem","place":"suburb"},"geometry":{"type":"Point","coordinates":[83.29248,17.73576]}},{"type":"Feature","properties":{"osm":"n12397545505","name":"Boyapalem","place":"suburb"},"geometry":{"type":"Point","coordinates":[83.28424,17.73159]}},{"type":"Feature","properties":{"osm":"n12397545506","name":"Kancharapalem","place":"suburb"},"geometry":{"type":"Point","coordinates":[83.27028,17.73684]}},{"type":"Feature","properties":{"osm":"n12397545507","name":"L.B Nagar","place":"neighbourhood"},"geometry":{"type":"Point","coordinates":[83.27332,17.74094]}},{"type":"Feature","properties":{"osm":"n12397545509","name":"NAD Colony","place":"neighbourhood"},"geometry":{"type":"Point","coordinates":[83.23409,17.73636]}},{"type":"Feature","properties":{"osm":"n12397545510","name":"Rural Gopalapatnam","place":"neighbourhood"},"geometry":{"type":"Point","coordinates":[83.20611,17.71845]}},{"type":"Feature","properties":{"osm":"n12397545511","name":"Sheela Nagar","place":"suburb"},"geometry":{"type":"Point","coordinates":[83.20194,17.72034]}},{"type":"Feature","properties":{"osm":"n12397545512","name":"Auto Nagar","place":"neighbourhood"},"geometry":{"type":"Point","coordinates":[83.18676,17.69118]}},{"type":"Feature","properties":{"osm":"n12397545513","name":"New Gajuwaka","place":"suburb"},"geometry":{"type":"Point","coordinates":[83.21187,17.69077]}},{"type":"Feature","properties":{"osm":"n12397545514","name":"Kunchamamba Colony","place":"neighbourhood"},"geometry":{"type":"Point","coordinates":[83.19435,17.6878]}},{"type":"Feature","properties":{"osm":"n12397545515","name":"Vinayaka Nagar","place":"neighbourhood"},"geometry":{"type":"Point","coordinates":[83.19726,17.67503]}},{"type":"Feature","properties":{"osm":"n12397545516","name":"Kurmannapalem","place":"suburb"},"geometry":{"type":"Point","coordinates":[83.16946,17.68667]}},{"type":"Feature","properties":{"osm":"n12397545517","name":"Duvvada","place":"suburb"},"geometry":{"type":"Point","coordinates":[83.15498,17.70069]}},{"type":"Feature","properties":{"osm":"n12397545518","name":"Jabili Hills","place":"neighbourhood"},"geometry":{"type":"Point","coordinates":[83.13955,17.68334]}},{"type":"Feature","properties":{"osm":"n12397545522","name":"Sri Ram Nagar colony","place":"neighbourhood"},"geometry":{"type":"Point","coordinates":[83.10295,17.69117]}},{"type":"Feature","properties":{"osm":"n12397545523","name":"Vinayaka Nagar","place":"neighbourhood"},"geometry":{"type":"Point","coordinates":[83.11492,17.69724]}},{"type":"Feature","properties":{"osm":"n12397545531","name":"Adavivaram","place":"suburb"},"geometry":{"type":"Point","coordinates":[83.26595,17.78219]}},{"type":"Feature","properties":{"osm":"n12397545532","name":"Vizinigiripalem","place":"village"},"geometry":{"type":"Point","coordinates":[83.24391,17.7883]}},{"type":"Feature","properties":{"osm":"n12397545534","name":"Srikrishnapuram","place":"village"},"geometry":{"type":"Point","coordinates":[83.2779,17.77359]}},{"type":"Feature","properties":{"osm":"n12397545535","name":"Arilova Colony","place":"suburb"},"geometry":{"type":"Point","coordinates":[83.30767,17.76821]}},{"type":"Feature","properties":{"osm":"n12397545536","name":"Vijaya Durga Colony","place":"neighbourhood"},"geometry":{"type":"Point","coordinates":[83.32084,17.75853]}},{"type":"Feature","properties":{"osm":"n12397545537","name":"SIG Nagar","place":"neighbourhood"},"geometry":{"type":"Point","coordinates":[83.32485,17.76523]}},{"type":"Feature","properties":{"osm":"n12397545538","name":"BNR Nagar","place":"neighbourhood"},"geometry":{"type":"Point","coordinates":[83.32344,17.76336]}},{"type":"Feature","properties":{"osm":"n12397545540","name":"Sagar Nagar","place":"neighbourhood"},"geometry":{"type":"Point","coordinates":[83.35805,17.76715]}},{"type":"Feature","properties":{"osm":"n12397545555","name":"Mubarak Colony","place":"neighbourhood"},"geometry":{"type":"Point","coordinates":[83.36689,17.7798]}},{"type":"Feature","properties":{"osm":"n12397545556","name":"Srinivasa Nagar","place":"neighbourhood"},"geometry":{"type":"Point","coordinates":[83.3646,17.77897]}},{"type":"Feature","properties":{"osm":"n12397545557","name":"SC Colony","place":"neighbourhood"},"geometry":{"type":"Point","coordinates":[83.36185,17.78359]}},{"type":"Feature","properties":{"osm":"n12397545558","name":"Pedda Rushikonda","place":"suburb"},"geometry":{"type":"Point","coordinates":[83.38912,17.80132]}},{"type":"Feature","properties":{"osm":"n12397545559","name":"Mangamari Peta","place":"village"},"geometry":{"type":"Point","coordinates":[83.41094,17.83488]}},{"type":"Feature","properties":{"osm":"n12397561256","name":"Akkayyapalem","place":"suburb"},"geometry":{"type":"Point","coordinates":[83.29916,17.73819]}},{"type":"Feature","properties":{"osm":"n12397561257","name":"Abid Nagar","place":"neighbourhood"},"geometry":{"type":"Point","coordinates":[83.29882,17.7396]}},{"type":"Feature","properties":{"osm":"n12397561258","name":"Narasimha Nagar","place":"neighbourhood"},"geometry":{"type":"Point","coordinates":[83.29503,17.73817]}},{"type":"Feature","properties":{"osm":"n12397561261","name":"Andhra Kesari Nagar","place":"neighbourhood"},"geometry":{"type":"Point","coordinates":[83.24502,17.74484]}},{"type":"Feature","properties":{"osm":"n12397561262","name":"Netaji Colony","place":"neighbourhood"},"geometry":{"type":"Point","coordinates":[83.24078,17.74588]}},{"type":"Feature","properties":{"osm":"n12397561263","name":"Madhavadhara","place":"suburb"},"geometry":{"type":"Point","coordinates":[83.25929,17.74745]}},{"type":"Feature","properties":{"osm":"n12397561264","name":"Seethammadara","place":"suburb"},"geometry":{"type":"Point","coordinates":[83.30632,17.74332]}},{"type":"Feature","properties":{"osm":"n12397561266","name":"H B Colony","place":"neighbourhood"},"geometry":{"type":"Point","coordinates":[83.3253,17.74599]}},{"type":"Feature","properties":{"osm":"n12397561267","name":"Bhanu Nagar","place":"neighbourhood"},"geometry":{"type":"Point","coordinates":[83.32291,17.74479]}},{"type":"Feature","properties":{"osm":"n12397561268","name":"KRM Colony","place":"neighbourhood"},"geometry":{"type":"Point","coordinates":[83.31765,17.74292]}},{"type":"Feature","properties":{"osm":"n12397561269","name":"MMTC Colony","place":"neighbourhood"},"geometry":{"type":"Point","coordinates":[83.31816,17.74625]}},{"type":"Feature","properties":{"osm":"n12397561270","name":"NE Layout","place":"neighbourhood"},"geometry":{"type":"Point","coordinates":[83.31085,17.74472]}},{"type":"Feature","properties":{"osm":"n12397561271","name":"Satya Sai Nagar","place":"neighbourhood"},"geometry":{"type":"Point","coordinates":[83.29912,17.7455]}},{"type":"Feature","properties":{"osm":"n12397561272","name":"Ganesh Colony","place":"neighbourhood"},"geometry":{"type":"Point","coordinates":[83.29609,17.74514]}},{"type":"Feature","properties":{"osm":"n12397561273","name":"Varahagiri Colony","place":"neighbourhood"},"geometry":{"type":"Point","coordinates":[83.29294,17.74504]}},{"type":"Feature","properties":{"osm":"n12460587604","name":"Moolakaddu","place":"village"},"geometry":{"type":"Point","coordinates":[83.4484,17.91659]}},{"type":"Feature","properties":{"osm":"n12460654961","name":"Tarluvada","place":"village"},"geometry":{"type":"Point","coordinates":[83.32902,17.90558]}},{"type":"Feature","properties":{"osm":"n12460666458","name":"MIG Colony","place":"neighbourhood"},"geometry":{"type":"Point","coordinates":[83.19467,17.69734]}},{"type":"Feature","properties":{"osm":"n12460666480","name":"Birla Gate","place":"neighbourhood"},"geometry":{"type":"Point","coordinates":[83.25976,17.7437]}},{"type":"Feature","properties":{"osm":"n12460666481","name":"Gavara Kanchara Palem","place":"neighbourhood"},"geometry":{"type":"Point","coordinates":[83.26282,17.73833]}},{"type":"Feature","properties":{"osm":"n12460666482","name":"Kancharapalem Port Quarters","place":"neighbourhood"},"geometry":{"type":"Point","coordinates":[83.2786,17.72376]}},{"type":"Feature","properties":{"osm":"n12460666483","name":"Kancharapalem Port Quarters","place":"neighbourhood"},"geometry":{"type":"Point","coordinates":[83.27083,17.72902]}},{"type":"Feature","properties":{"osm":"n12460666486","name":"Gurudwara Junction","place":"neighbourhood"},"geometry":{"type":"Point","coordinates":[83.30747,17.73708]}},{"type":"Feature","properties":{"osm":"n12460688513","name":"Fakeertakiya junction","place":"neighbourhood"},"geometry":{"type":"Point","coordinates":[83.16635,17.69341]}},{"type":"Feature","properties":{"osm":"n12460699512","name":"Neelakundilu","place":"village"},"geometry":{"type":"Point","coordinates":[83.3039,17.87793]}},{"type":"Feature","properties":{"osm":"n12460699786","name":"Hill Front O2 Valley","place":"village"},"geometry":{"type":"Point","coordinates":[83.29431,17.81396]}},{"type":"Feature","properties":{"osm":"n12460704665","name":"Sri Ramnagar","place":"neighbourhood"},"geometry":{"type":"Point","coordinates":[83.18408,17.68104]}},{"type":"Feature","properties":{"osm":"n12460704666","name":"Soundarya Colony","place":"neighbourhood"},"geometry":{"type":"Point","coordinates":[83.18545,17.6756]}},{"type":"Feature","properties":{"osm":"n12460704667","name":"Nadupuru","place":"neighbourhood"},"geometry":{"type":"Point","coordinates":[83.19785,17.67192]}},{"type":"Feature","properties":{"osm":"n12460704668","name":"Drivers Colony","place":"neighbourhood"},"geometry":{"type":"Point","coordinates":[83.20159,17.69208]}},{"type":"Feature","properties":{"osm":"n12898761744","name":"Pandurangapuram","place":"neighbourhood"},"geometry":{"type":"Point","coordinates":[83.32172,17.71596]}},{"type":"Feature","properties":{"osm":"n12923616168","name":"Deenadayalupuram","place":"neighbourhood"},"geometry":{"type":"Point","coordinates":[83.30704,17.76147]}},{"type":"Feature","properties":{"osm":"n12949181518","name":"Old Gopalapatnam","place":"neighbourhood"},"geometry":{"type":"Point","coordinates":[83.22438,17.7416]}},{"type":"Feature","properties":{"osm":"n12949181543","name":"Bhagat Singh Nagar","place":"neighbourhood"},"geometry":{"type":"Point","coordinates":[83.21417,17.73797]}},{"type":"Feature","properties":{"osm":"n12959403108","name":"Sarada Nagar","place":"neighbourhood"},"geometry":{"type":"Point","coordinates":[83.20897,17.81031]}},{"type":"Feature","properties":{"osm":"n12959450605","name":"Papayarajupalem","place":"neighbourhood"},"geometry":{"type":"Point","coordinates":[83.2099,17.79602]}},{"type":"Feature","properties":{"osm":"n13013058535","name":"Sadaram Ramu Naidu Colony","place":"neighbourhood"},"geometry":{"type":"Point","coordinates":[83.25382,17.73746]}},{"type":"Feature","properties":{"osm":"n13028498978","name":"Old Gajuwaka","place":"city"},"geometry":{"type":"Point","coordinates":[83.20353,17.68596]}},{"type":"Feature","properties":{"osm":"n13037849846","name":"Simhadripuram","place":"neighbourhood"},"geometry":{"type":"Point","coordinates":[83.32024,17.74892]}},{"type":"Feature","properties":{"osm":"n13037849847","name":"Radha Krishna Nagar","place":"quarter"},"geometry":{"type":"Point","coordinates":[83.30511,17.74528]}},{"type":"Feature","properties":{"osm":"n13037850295","name":"Visakha Valley Road","place":"village"},"geometry":{"type":"Point","coordinates":[83.27815,17.74047]}},{"type":"Feature","properties":{"osm":"n13037850296","name":"Balayya Sastri Layout","place":"quarter"},"geometry":{"type":"Point","coordinates":[83.30551,17.7409]}},{"type":"Feature","properties":{"osm":"n13037850297","name":"TPT Colony","place":"neighbourhood"},"geometry":{"type":"Point","coordinates":[83.31172,17.73907]}},{"type":"Feature","properties":{"osm":"n13037850298","name":"Abid Nagar","place":"neighbourhood"},"geometry":{"type":"Point","coordinates":[83.2995,17.7399]}},{"type":"Feature","properties":{"osm":"n13037850299","name":"Seetamma Peta","place":"quarter"},"geometry":{"type":"Point","coordinates":[83.30978,17.73468]}},{"type":"Feature","properties":{"osm":"n13037850300","name":"Nandagiri Nagar","place":"quarter"},"geometry":{"type":"Point","coordinates":[83.29352,17.73106]}},{"type":"Feature","properties":{"osm":"n13037861385","name":"Operation Colony","place":"neighbourhood"},"geometry":{"type":"Point","coordinates":[83.30658,17.7704]}},{"type":"Feature","properties":{"osm":"n13037861387","name":"Pragathi Ngar","place":"neighbourhood"},"geometry":{"type":"Point","coordinates":[83.30682,17.76725]}},{"type":"Feature","properties":{"osm":"n13037861388","name":"JNNURM Colony","place":"neighbourhood"},"geometry":{"type":"Point","coordinates":[83.30783,17.76658]}},{"type":"Feature","properties":{"osm":"n13037861389","name":"Panduranga Nagar","place":"neighbourhood"},"geometry":{"type":"Point","coordinates":[83.30858,17.77021]}},{"type":"Feature","properties":{"osm":"n13037861390","name":"Murali Nagar","place":"neighbourhood"},"geometry":{"type":"Point","coordinates":[83.30929,17.7699]}},{"type":"Feature","properties":{"osm":"n13037861391","name":"Durga Nagar","place":"neighbourhood"},"geometry":{"type":"Point","coordinates":[83.3123,17.76987]}},{"type":"Feature","properties":{"osm":"n13037861392","name":"Sector 3","place":"neighbourhood"},"geometry":{"type":"Point","coordinates":[83.31326,17.7699]}},{"type":"Feature","properties":{"osm":"n13037861393","name":"Nehru Nagar","place":"neighbourhood"},"geometry":{"type":"Point","coordinates":[83.314,17.76952]}},{"type":"Feature","properties":{"osm":"n13037861394","name":"Balaji Nagar","place":"neighbourhood"},"geometry":{"type":"Point","coordinates":[83.31907,17.76545]}},{"type":"Feature","properties":{"osm":"n13037861395","name":"Ravindra Nagar 2","place":"neighbourhood"},"geometry":{"type":"Point","coordinates":[83.32249,17.76737]}},{"type":"Feature","properties":{"osm":"n13037861396","name":"Ravindra Nagar","place":"neighbourhood"},"geometry":{"type":"Point","coordinates":[83.32395,17.76654]}},{"type":"Feature","properties":{"osm":"n13037861397","name":"Veterinary Colony","place":"neighbourhood"},"geometry":{"type":"Point","coordinates":[83.3361,17.76454]}},{"type":"Feature","properties":{"osm":"n13037861399","name":"Sector 2","place":"neighbourhood"},"geometry":{"type":"Point","coordinates":[83.31567,17.76742]}},{"type":"Feature","properties":{"osm":"n13037861400","name":"Ambedkar Nagar","place":"neighbourhood"},"geometry":{"type":"Point","coordinates":[83.31542,17.7667]}},{"type":"Feature","properties":{"osm":"n13037876001","name":"Srikanth Nagar","place":"neighbourhood"},"geometry":{"type":"Point","coordinates":[83.30962,17.76675]}},{"type":"Feature","properties":{"osm":"n13037876002","name":"Sri Ram Nagar","place":"neighbourhood"},"geometry":{"type":"Point","coordinates":[83.33523,17.75489]}},{"type":"Feature","properties":{"osm":"n13037876003","name":"Dayal Nagar Colony","place":"neighbourhood"},"geometry":{"type":"Point","coordinates":[83.34587,17.75484]}},{"type":"Feature","properties":{"osm":"n13037896601","name":"Pithapuram Colony","place":"quarter"},"geometry":{"type":"Point","coordinates":[83.32487,17.7376]}},{"type":"Feature","properties":{"osm":"n13037896602","name":"Isukathota","place":"quarter"},"geometry":{"type":"Point","coordinates":[83.32057,17.738]}},{"type":"Feature","properties":{"osm":"n13037896603","name":"Aadarsh  Nagar","place":"quarter"},"geometry":{"type":"Point","coordinates":[83.31632,17.74787]}},{"type":"Feature","properties":{"osm":"n13037896604","name":"Andhra University North Campus","place":"quarter"},"geometry":{"type":"Point","coordinates":[83.32027,17.73136]}},{"type":"Feature","properties":{"osm":"n13037896605","name":"Andhra University South Campus","place":"quarter"},"geometry":{"type":"Point","coordinates":[83.32665,17.72546]}},{"type":"Feature","properties":{"osm":"n13037896606","name":"A.U. Outgate","place":"quarter"},"geometry":{"type":"Point","coordinates":[83.32886,17.72279]}},{"type":"Feature","properties":{"osm":"n13084988890","name":"Allipuram","place":"neighbourhood"},"geometry":{"type":"Point","coordinates":[83.29478,17.71982]}},{"type":"Feature","properties":{"osm":"n13085046753","name":"Bheem Nagar","place":"neighbourhood"},"geometry":{"type":"Point","coordinates":[83.30118,17.72014]}},{"type":"Feature","properties":{"osm":"n13086308343","name":"Vijayanagar Police Layout","place":"neighbourhood"},"geometry":{"type":"Point","coordinates":[83.33263,17.73112]}},{"type":"Feature","properties":{"osm":"n13132794579","name":"Anjaneyulu Nagar","place":"neighbourhood"},"geometry":{"type":"Point","coordinates":[83.21641,17.77029]}},{"type":"Feature","properties":{"osm":"n13133993408","name":"Santhi Nagaram SC Colony","place":"neighbourhood"},"geometry":{"type":"Point","coordinates":[83.2075,17.80687]}},{"type":"Feature","properties":{"osm":"n13456328379","name":"Tarluvada SC Colony","place":"hamlet"},"geometry":{"type":"Point","coordinates":[83.32771,17.89577]}},{"type":"Feature","properties":{"osm":"n13516832572","name":"Konda Dabalu","place":"hamlet"},"geometry":{"type":"Point","coordinates":[83.15518,17.90196]}},{"type":"Feature","properties":{"osm":"n13542481792","name":"Ushodaya Junction","place":"neighbourhood"},"geometry":{"type":"Point","coordinates":[83.33486,17.73716]}},{"type":"Feature","properties":{"osm":"n13542496216","name":"Darathota","place":"village"},"geometry":{"type":"Point","coordinates":[83.40736,17.89319]}},{"type":"Feature","properties":{"osm":"n13542496217","name":"Gollapalem","place":"village"},"geometry":{"type":"Point","coordinates":[83.42896,17.89198]}},{"type":"Feature","properties":{"osm":"n13542496218","name":"Krishna Colony","place":"neighbourhood"},"geometry":{"type":"Point","coordinates":[83.43945,17.89358]}},{"type":"Feature","properties":{"osm":"n13542496347","name":"Jodugullapalem","place":"hamlet"},"geometry":{"type":"Point","coordinates":[83.34927,17.75223]}},{"type":"Feature","properties":{"osm":"n13542567605","name":"Simhachalam Hill","place":"village"},"geometry":{"type":"Point","coordinates":[83.24822,17.76853]}},{"type":"Feature","properties":{"osm":"n13552546834","name":"Vurukutavanipalem","place":"hamlet"},"geometry":{"type":"Point","coordinates":[83.29321,17.89871]}},{"type":"Feature","properties":{"osm":"n13565759293","name":"Appughar","place":"neighbourhood"},"geometry":{"type":"Point","coordinates":[83.34341,17.74218]}},{"type":"Feature","properties":{"osm":"n13565870437","name":"Old Bus Stand Area","place":"quarter"},"geometry":{"type":"Point","coordinates":[83.29467,17.70936]}},{"type":"Feature","properties":{"osm":"n13568922931","name":"Old Dairy Farm","place":"neighbourhood"},"geometry":{"type":"Point","coordinates":[83.33411,17.76256]}},{"type":"Feature","properties":{"osm":"n13575952452","name":"LIC Colony","place":"neighbourhood"},"geometry":{"type":"Point","coordinates":[83.20318,17.82709]}},{"type":"Feature","properties":{"osm":"n13576003209","name":"Sai Nagar","place":"neighbourhood"},"geometry":{"type":"Point","coordinates":[83.20354,17.82338]}},{"type":"Feature","properties":{"osm":"n13586469143","name":"IT SEZ","place":"quarter"},"geometry":{"type":"Point","coordinates":[83.3881,17.81121]}},{"type":"Feature","properties":{"osm":"n13617101438","name":"Sandipini Nagar","place":"neighbourhood"},"geometry":{"type":"Point","coordinates":[83.36032,17.7832]}},{"type":"Feature","properties":{"osm":"n13624322977","name":"Nausena Bagh","place":"neighbourhood"},"geometry":{"type":"Point","coordinates":[83.25585,17.68172]}},{"type":"Feature","properties":{"osm":"n13624322978","name":"Prakash Nagar","place":"neighbourhood"},"geometry":{"type":"Point","coordinates":[83.24751,17.6783]}},{"type":"Feature","properties":{"osm":"n13689119725","name":"Drivers Colony","place":"neighbourhood"},"geometry":{"type":"Point","coordinates":[83.19905,17.90478]}},{"type":"Feature","properties":{"osm":"n13769448527","name":"Ganesh Nagar","place":"neighbourhood"},"geometry":{"type":"Point","coordinates":[83.3597,17.8222]}},{"type":"Feature","properties":{"osm":"n13856235004","name":"Ratnagiri Housing Board Colony","place":"neighbourhood"},"geometry":{"type":"Point","coordinates":[83.34985,17.80206]}},{"type":"Feature","properties":{"osm":"n13895113803","name":"Sri Sai Nagar","place":"neighbourhood"},"geometry":{"type":"Point","coordinates":[83.23881,17.77445]}},{"type":"Feature","properties":{"osm":"n13930992752","name":"Wireless Station","place":"neighbourhood"},"geometry":{"type":"Point","coordinates":[83.27311,17.67231]}},{"type":"Feature","properties":{"osm":"n13931024226","name":"Gangavaram","place":"village"},"geometry":{"type":"Point","coordinates":[83.2276,17.64337]}},{"type":"Feature","properties":{"osm":"n13931043907","name":"Scindia","place":"suburb"},"geometry":{"type":"Point","coordinates":[83.2621,17.68801]}},{"type":"Feature","properties":{"osm":"n13931046138","name":"Sector L","place":"neighbourhood"},"geometry":{"type":"Point","coordinates":[83.26592,17.67998]}},{"type":"Feature","properties":{"osm":"n13931046141","name":"Sector M","place":"neighbourhood"},"geometry":{"type":"Point","coordinates":[83.27692,17.67544]}},{"type":"Feature","properties":{"osm":"n13931046142","name":"Sector E","place":"neighbourhood"},"geometry":{"type":"Point","coordinates":[83.28215,17.67463]}},{"type":"Feature","properties":{"osm":"n13931046519","name":"HPCL Steel Plant Area","place":"neighbourhood"},"geometry":{"type":"Point","coordinates":[83.25615,17.7022]}},{"type":"Feature","properties":{"osm":"n13931046520","name":"Jaindra Colony","place":"neighbourhood"},"geometry":{"type":"Point","coordinates":[83.26123,17.69783]}},{"type":"Feature","properties":{"osm":"n13931046703","name":"Dayal Nagar","place":"neighbourhood"},"geometry":{"type":"Point","coordinates":[83.21492,17.67642]}},{"type":"Feature","properties":{"osm":"n13931046704","name":"Priyadarshini Colony","place":"neighbourhood"},"geometry":{"type":"Point","coordinates":[83.21579,17.67245]}},{"type":"Feature","properties":{"osm":"n13931073251","name":"Jai Andhra Colony","place":"neighbourhood"},"geometry":{"type":"Point","coordinates":[83.26192,17.68037]}},{"type":"Feature","properties":{"osm":"n13931073252","name":"Chintalalova","place":"neighbourhood"},"geometry":{"type":"Point","coordinates":[83.26026,17.68188]}},{"type":"Feature","properties":{"osm":"n13931073253","name":"Gandhigram","place":"neighbourhood"},"geometry":{"type":"Point","coordinates":[83.26096,17.68471]}},{"type":"Feature","properties":{"osm":"n13931073254","name":"Kranti Nagar","place":"neighbourhood"},"geometry":{"type":"Point","coordinates":[83.25826,17.6824]}},{"type":"Feature","properties":{"osm":"n13931081073","name":"Naval Sailors Colony","place":"neighbourhood"},"geometry":{"type":"Point","coordinates":[83.268,17.68203]}},{"type":"Feature","properties":{"osm":"n13931103649","name":"Kakaralova","place":"neighbourhood"},"geometry":{"type":"Point","coordinates":[83.26292,17.68196]}},{"type":"Feature","properties":{"osm":"n13931177725","name":"Kottavuru","place":"suburb"},"geometry":{"type":"Point","coordinates":[83.12105,17.69055]}},{"type":"Feature","properties":{"osm":"n13931177726","name":"Danaboyinapalem","place":"suburb"},"geometry":{"type":"Point","coordinates":[83.13295,17.69317]}},{"type":"Feature","properties":{"osm":"n13931218692","name":"Sai Nagar Colony","place":"neighbourhood"},"geometry":{"type":"Point","coordinates":[83.12841,17.64088]}},{"type":"Feature","properties":{"osm":"n13931218693","name":"Desa Pathrunipalem","place":"village"},"geometry":{"type":"Point","coordinates":[83.12233,17.63908]}},{"type":"Feature","properties":{"osm":"n13931218694","name":"Phase 1","place":"neighbourhood"},"geometry":{"type":"Point","coordinates":[83.10218,17.62581]}},{"type":"Feature","properties":{"osm":"n13931218698","name":"Gowthulachhanna Nagar","place":"suburb"},"geometry":{"type":"Point","coordinates":[83.10017,17.63379]}},{"type":"Feature","properties":{"osm":"n13931235153","name":"Subbalaxmi Colony","place":"neighbourhood"},"geometry":{"type":"Point","coordinates":[83.11961,17.62789]}},{"type":"Feature","properties":{"osm":"n13931235154","name":"Bhavani Nagar","place":"neighbourhood"},"geometry":{"type":"Point","coordinates":[83.12976,17.6375]}},{"type":"Feature","properties":{"osm":"n13931235155","name":"Sector 10","place":"neighbourhood"},"geometry":{"type":"Point","coordinates":[83.13739,17.64469]}},{"type":"Feature","properties":{"osm":"n13931235156","name":"Sector 1","place":"neighbourhood"},"geometry":{"type":"Point","coordinates":[83.15698,17.64951]}},{"type":"Feature","properties":{"osm":"n13931235157","name":"Sector 2","place":"neighbourhood"},"geometry":{"type":"Point","coordinates":[83.15705,17.65366]}},{"type":"Feature","properties":{"osm":"n13931235158","name":"Sector 3","place":"neighbourhood"},"geometry":{"type":"Point","coordinates":[83.16112,17.6578]}},{"type":"Feature","properties":{"osm":"n13931235159","name":"Sector 4","place":"neighbourhood"},"geometry":{"type":"Point","coordinates":[83.15237,17.64936]}},{"type":"Feature","properties":{"osm":"n13931235160","name":"Sector 5","place":"neighbourhood"},"geometry":{"type":"Point","coordinates":[83.15195,17.65269]}},{"type":"Feature","properties":{"osm":"n13931235161","name":"Sector 6","place":"neighbourhood"},"geometry":{"type":"Point","coordinates":[83.14743,17.6576]}},{"type":"Feature","properties":{"osm":"n13931235162","name":"Sector 7","place":"neighbourhood"},"geometry":{"type":"Point","coordinates":[83.14382,17.65543]}},{"type":"Feature","properties":{"osm":"n13931235163","name":"Sector 9","place":"neighbourhood"},"geometry":{"type":"Point","coordinates":[83.13436,17.6481]}},{"type":"Feature","properties":{"osm":"n13931235164","name":"Sector 11","place":"neighbourhood"},"geometry":{"type":"Point","coordinates":[83.12989,17.64836]}},{"type":"Feature","properties":{"osm":"n13931235197","name":"Sector 12","place":"neighbourhood"},"geometry":{"type":"Point","coordinates":[83.13438,17.65825]}},{"type":"Feature","properties":{"osm":"n13931242703","name":"Islampet","place":"village"},"geometry":{"type":"Point","coordinates":[83.15023,17.61003]}},{"type":"Feature","properties":{"osm":"n13931242704","name":"Madeena Bagh","place":"suburb"},"geometry":{"type":"Point","coordinates":[83.15559,17.62202]}},{"type":"Feature","properties":{"osm":"n13931264910","name":"Pedapalem","place":"village"},"geometry":{"type":"Point","coordinates":[83.14444,17.60929]}},{"type":"Feature","properties":{"osm":"n13931264912","name":"Chinapalem","place":"village"},"geometry":{"type":"Point","coordinates":[83.13361,17.60725]}},{"type":"Feature","properties":{"osm":"n13931264913","name":"Elamanchilidoddi","place":"village"},"geometry":{"type":"Point","coordinates":[83.14044,17.60001]}},{"type":"Feature","properties":{"osm":"n13931264914","name":"Pittavanipalem","place":"village"},"geometry":{"type":"Point","coordinates":[83.12744,17.60015]}},{"type":"Feature","properties":{"osm":"n13931264917","name":"Payakaro Bhonangi","place":"village"},"geometry":{"type":"Point","coordinates":[83.10986,17.62078]}},{"type":"Feature","properties":{"osm":"n13931290309","name":"Nadupura","place":"village"},"geometry":{"type":"Point","coordinates":[83.15982,17.62319]}},{"type":"Feature","properties":{"osm":"n13931410364","name":"CISF Quarters","place":"neighbourhood"},"geometry":{"type":"Point","coordinates":[83.17472,17.64989]}},{"type":"Feature","properties":{"osm":"n13931470765","name":"Jajulavanipalem","place":"village"},"geometry":{"type":"Point","coordinates":[83.10925,17.63714]}},{"type":"Feature","properties":{"osm":"n13935156874","name":"Official Colony","place":"neighbourhood"},"geometry":{"type":"Point","coordinates":[83.19025,17.6828]}},{"type":"Feature","properties":{"osm":"n13935156875","name":"Durga Nagar","place":"neighbourhood"},"geometry":{"type":"Point","coordinates":[83.18287,17.67908]}},{"type":"Feature","properties":{"osm":"n13935177271","name":"New Dibbapaleam","place":"neighbourhood"},"geometry":{"type":"Point","coordinates":[83.21873,17.66797]}},{"type":"Feature","properties":{"osm":"n13935177272","name":"Venkannapalem","place":"neighbourhood"},"geometry":{"type":"Point","coordinates":[83.21603,17.66264]}},{"type":"Feature","properties":{"osm":"n13935177273","name":"Nellimuku","place":"neighbourhood"},"geometry":{"type":"Point","coordinates":[83.20224,17.66882]}},{"type":"Feature","properties":{"osm":"n13935177274","name":"Dairy Colony","place":"neighbourhood"},"geometry":{"type":"Point","coordinates":[83.19327,17.66778]}},{"type":"Feature","properties":{"osm":"n13935177275","name":"RH Colony","place":"neighbourhood"},"geometry":{"type":"Point","coordinates":[83.18821,17.67027]}},{"type":"Feature","properties":{"osm":"n13935196340","name":"Simhagiri Colony","place":"neighbourhood"},"geometry":{"type":"Point","coordinates":[83.21001,17.67799]}},{"type":"Feature","properties":{"osm":"n13937964720","name":"Harshavardhan Nagar","place":"quarter"},"geometry":{"type":"Point","coordinates":[83.18927,17.82041]}},{"type":"Feature","properties":{"osm":"n13946521973","name":"Durga Nagar","place":"neighbourhood"},"geometry":{"type":"Point","coordinates":[83.35698,17.80888]}},{"type":"Feature","properties":{"osm":"n13946592779","name":"Saptagiri Nagar","place":"neighbourhood"},"geometry":{"type":"Point","coordinates":[83.35389,17.7935]}},{"type":"Feature","properties":{"osm":"n14023786453","name":"JNNURM Colony","place":"neighbourhood"},"geometry":{"type":"Point","coordinates":[83.36079,17.83987]}},{"type":"Feature","properties":{"osm":"n14028484737","name":"Chavulamadhumu Junction","place":"neighbourhood"},"geometry":{"type":"Point","coordinates":[83.29228,17.71886]}},{"type":"Feature","properties":{"osm":"n14028484739","name":"Convent Junction","place":"neighbourhood"},"geometry":{"type":"Point","coordinates":[83.2896,17.71728]}},{"type":"Feature","properties":{"osm":"n14028503457","name":"Dutt Island","place":"neighbourhood"},"geometry":{"type":"Point","coordinates":[83.31799,17.72337]}},{"type":"Feature","properties":{"osm":"n14028525955","name":"Siripuram Junction","place":"neighbourhood"},"geometry":{"type":"Point","coordinates":[83.32005,17.72107]}},{"type":"Feature","properties":{"osm":"n14045490300","name":"Anandapuram Round About","place":"neighbourhood"},"geometry":{"type":"Point","coordinates":[83.37737,17.89459]}},{"type":"Feature","properties":{"osm":"n14166750728","name":"Startuo Village","place":"neighbourhood"},"geometry":{"type":"Point","coordinates":[83.38832,17.80669]}},{"type":"Feature","properties":{"osm":"n14168224760","name":"Krishna Nagar","place":"neighbourhood"},"geometry":{"type":"Point","coordinates":[83.3101,17.70876]}},{"type":"Feature","properties":{"osm":"n14169318872","name":"Hindustan Shipyard Area","place":"neighbourhood"},"geometry":{"type":"Point","coordinates":[83.27116,17.69193]}},{"type":"Feature","properties":{"osm":"n14169383178","name":"Panchavati Colony","place":"neighbourhood"},"geometry":{"type":"Point","coordinates":[83.2112,17.71092]}},{"type":"Feature","properties":{"osm":"n14169383180","name":"Vivekananda Colony","place":"neighbourhood"},"geometry":{"type":"Point","coordinates":[83.20647,17.71165]}},{"type":"Feature","properties":{"osm":"n14169460849","name":"Pilakavanipalem","place":"neighbourhood"},"geometry":{"type":"Point","coordinates":[83.35491,17.80421]}},{"type":"Feature","properties":{"osm":"n14182458174","name":"Collector Office Junction","place":"neighbourhood"},"geometry":{"type":"Point","coordinates":[83.30799,17.70829]}},{"type":"Feature","properties":{"osm":"n14182460096","name":"IT Hills Junction","place":"neighbourhood"},"geometry":{"type":"Point","coordinates":[83.39131,17.79497]}},{"type":"Feature","properties":{"osm":"n14182496084","name":"Hill Number  1","place":"neighbourhood"},"geometry":{"type":"Point","coordinates":[83.39552,17.80363]}},{"type":"Feature","properties":{"osm":"n14182496085","name":"Hill Number 2","place":"neighbourhood"},"geometry":{"type":"Point","coordinates":[83.3903,17.80575]}},{"type":"Feature","properties":{"osm":"n14182496086","name":"Hill Number 3","place":"neighbourhood"},"geometry":{"type":"Point","coordinates":[83.38733,17.8117]}}]}