{"type":"FeatureCollection","features":[{"type":"Feature","properties":{"osm":"w183150208","power":"line","voltage":"400000"},"geometry":{"type":"LineString","coordinates":[[83.12953,17.64056],[83.12872,17.6403],[83.12787,17.64078],[83.12635,17.64247],[83.12578,17.64494],[83.12446,17.6464],[83.12244,17.64634],[83.12005,17.64747],[83.11741,17.64877],[83.11428,17.65027],[83.11035,17.65075],[83.10874,17.65302],[83.10819,17.65412],[83.1069,17.65715],[83.10622,17.65886],[83.10661,17.66271],[83.10596,17.66684],[83.10479,17.66734],[83.10147,17.66866],[83.09901,17.67185],[83.09664,17.67479],[83.09457,17.67743],[83.09362,17.6791],[83.09189,17.68122],[83.08982,17.68355],[83.08993,17.68564],[83.09007,17.68788],[83.09014,17.69169],[83.09025,17.69474],[83.09036,17.69788],[83.09049,17.7011],[83.09063,17.70404],[83.09067,17.7073],[83.09079,17.70994],[83.09085,17.71237],[83.09094,17.71524],[83.09011,17.71811],[83.08905,17.72164],[83.08798,17.7253],[83.08694,17.72878],[83.08592,17.73229],[83.08502,17.7355],[83.08406,17.73877],[83.08521,17.74112],[83.08684,17.74409],[83.08795,17.74606],[83.0898,17.74938],[83.08834,17.75196],[83.0887,17.75446],[83.09157,17.75716],[83.09401,17.76048],[83.0944,17.7639],[83.09538,17.76591],[83.09591,17.76842],[83.09651,17.77104],[83.09714,17.77401],[83.09783,17.77725],[83.09844,17.78012],[83.09908,17.78321],[83.09969,17.78605],[83.10044,17.78962],[83.10124,17.7935],[83.1028,17.79561],[83.10229,17.79716],[83.10173,17.79886],[83.10242,17.8017],[83.10326,17.80501],[83.10397,17.8078],[83.10488,17.81146],[83.10572,17.81476],[83.10723,17.81802],[83.10881,17.82152],[83.11023,17.8246],[83.11181,17.82804],[83.11351,17.8318],[83.11491,17.83483],[83.11587,17.837],[83.1184,17.83932],[83.12069,17.8414],[83.12301,17.8435],[83.12534,17.84566],[83.12749,17.84764],[83.13048,17.85042],[83.13333,17.85303],[83.13452,17.85617],[83.13583,17.85954],[83.13692,17.8623],[83.13789,17.86492],[83.14093,17.86669],[83.14362,17.86834],[83.1461,17.86977],[83.1474,17.87225],[83.14909,17.87541],[83.15065,17.87829],[83.15287,17.8809],[83.15397,17.88576],[83.15635,17.88563],[83.15701,17.88583],[83.15939,17.88848],[83.15902,17.89201],[83.1588,17.89586],[83.16016,17.89873],[83.16084,17.90137],[83.16391,17.90383],[83.16707,17.90647],[83.16955,17.90858],[83.17255,17.9111],[83.17555,17.9137],[83.17745,17.91691],[83.17944,17.92034],[83.18114,17.92312],[83.18267,17.92583],[83.18443,17.92885],[83.18675,17.92934],[83.1891,17.93214],[83.19051,17.93376],[83.1911,17.93718],[83.18982,17.93871],[83.18956,17.94238],[83.18918,17.94627],[83.18874,17.95001],[83.18918,17.95321],[83.18962,17.95712],[83.19007,17.96096],[83.1905,17.96459],[83.19239,17.96719],[83.19437,17.96985],[83.19635,17.97246],[83.19813,17.97485],[83.19858,17.97767],[83.19903,17.98123],[83.19947,17.98419],[83.1999,17.98745],[83.20042,17.99103],[83.20083,17.99441],[83.20118,17.99726],[83.20165,18.0005],[83.20217,18.00386],[83.20264,18.00742],[83.20444,18.00941],[83.20682,18.01208],[83.20915,18.01458],[83.2115,18.01711],[83.21369,18.01956],[83.21601,18.02203],[83.21834,18.02454],[83.22106,18.02756],[83.22313,18.02981],[83.22567,18.03248],[83.22619,18.03536],[83.22674,18.03873],[83.22719,18.0417],[83.22774,18.04503],[83.22831,18.0483],[83.22884,18.05178],[83.22979,18.05434],[83.23085,18.05758],[83.23178,18.06024],[83.23285,18.06343],[83.23363,18.06569],[83.23462,18.06881],[83.23555,18.07141],[83.23748,18.07467],[83.23954,18.07807],[83.24147,18.08118],[83.24277,18.08342],[83.24427,18.08601],[83.24603,18.08911],[83.24777,18.09211],[83.24994,18.09584],[83.25189,18.09917],[83.25396,18.10265],[83.25547,18.10518],[83.25704,18.10785],[83.25892,18.11103],[83.26081,18.11422],[83.26258,18.11721],[83.26446,18.12039],[83.26628,18.12347],[83.26638,18.12756],[83.26652,18.13074],[83.26657,18.13466],[83.26663,18.13793],[83.26674,18.14132],[83.26684,18.1446],[83.26692,18.14793],[83.26703,18.15127],[83.26734,18.15319],[83.26795,18.15646],[83.26814,18.15981],[83.26831,18.16325],[83.26852,18.16655],[83.26873,18.17021],[83.26896,18.17378],[83.26916,18.17723],[83.26939,18.18081],[83.26965,18.18439],[83.26985,18.18734],[83.27008,18.1908],[83.2703,18.19433],[83.27057,18.19772],[83.27067,18.20029],[83.27082,18.20279],[83.27103,18.20665],[83.27119,18.20936],[83.2714,18.21322],[83.27245,18.21586],[83.27343,18.2185],[83.27451,18.22129],[83.27565,18.22431],[83.27661,18.2269],[83.2782,18.23111],[83.27937,18.23411],[83.2803,18.23663],[83.28026,18.23995],[83.28024,18.24298],[83.28019,18.24629],[83.28017,18.24979],[83.28014,18.25277],[83.28015,18.2558],[83.28008,18.25902],[83.28001,18.26366],[83.27998,18.26709],[83.27994,18.27039],[83.27989,18.27396],[83.27985,18.27755],[83.28079,18.28116],[83.28161,18.28412],[83.28477,18.28633],[83.28767,18.28834],[83.28741,18.29159],[83.28715,18.29457],[83.28676,18.29892],[83.28652,18.30201],[83.28623,18.30545],[83.2859,18.30903],[83.28558,18.31244],[83.28648,18.31617],[83.28718,18.31903],[83.28789,18.32176],[83.28858,18.32452],[83.28957,18.3285],[83.2891,18.33174],[83.28858,18.33509],[83.28817,18.33769],[83.28769,18.34079],[83.28724,18.34403],[83.28673,18.34721],[83.28632,18.34979],[83.28587,18.35278],[83.28532,18.35639],[83.28476,18.36016],[83.28429,18.36342],[83.28381,18.36679],[83.28317,18.37066],[83.28264,18.37431],[83.28213,18.37767],[83.2823,18.38066],[83.28256,18.38382],[83.28279,18.3871],[83.28304,18.39043],[83.28326,18.39352],[83.28351,18.3964],[83.28372,18.39974],[83.28396,18.40312],[83.28423,18.40663],[83.28449,18.4104],[83.28476,18.41356],[83.28499,18.41716],[83.28527,18.42062],[83.28549,18.42395],[83.28547,18.42685],[83.28539,18.42998],[83.28531,18.43399],[83.28525,18.43744],[83.28522,18.44125],[83.28512,18.44483],[83.28508,18.44788],[83.28498,18.45142],[83.28497,18.45468],[83.28487,18.45794],[83.28476,18.46175],[83.28472,18.46527],[83.28467,18.46822],[83.28458,18.47284],[83.28106,18.47486],[83.27779,18.47677],[83.27467,18.47853],[83.27093,18.4807],[83.26743,18.48264],[83.2638,18.48474],[83.26034,18.48671],[83.25708,18.48857],[83.25418,18.49018],[83.25106,18.49118],[83.24759,18.4923],[83.24441,18.49332],[83.24115,18.49435],[83.23814,18.49532],[83.23449,18.49542],[83.23049,18.49558],[83.22703,18.4957],[83.22335,18.49585],[83.21918,18.49597],[83.21533,18.49614],[83.21194,18.49621],[83.20906,18.49632],[83.20501,18.49647],[83.20156,18.49657],[83.19829,18.49668],[83.19488,18.4968],[83.1919,18.49686],[83.18878,18.49702],[83.18589,18.49712],[83.18219,18.49727],[83.1783,18.49744],[83.17447,18.49754],[83.17047,18.49769],[83.16689,18.49779],[83.16418,18.49788],[83.16167,18.49791],[83.15818,18.49799],[83.15468,18.49809],[83.1513,18.49821],[83.14759,18.49865],[83.14394,18.49902],[83.14016,18.49945],[83.13628,18.49987],[83.13211,18.50033],[83.12855,18.50071],[83.12455,18.50111],[83.12114,18.50149],[83.11842,18.50177],[83.11486,18.50214],[83.11164,18.50246],[83.10805,18.50128],[83.10418,18.5],[83.10086,18.49895],[83.09717,18.49774],[83.09345,18.49651],[83.08969,18.49529],[83.0858,18.49404],[83.08287,18.49308],[83.08052,18.49229],[83.07668,18.49103],[83.0743,18.49029],[83.07288,18.48794],[83.07116,18.48518],[83.06786,18.48147],[83.06467,18.48002],[83.05947,18.47888],[83.0568,18.48038],[83.05186,18.48275],[83.05009,18.48255],[83.04771,18.48319],[83.04584,18.48371],[83.04539,18.48484],[83.04458,18.48626],[83.0435,18.48827],[83.04252,18.48992],[83.03957,18.49563],[83.03758,18.49808],[83.0363,18.4996],[83.03451,18.50119],[83.03311,18.50362],[83.02715,18.5058],[83.02417,18.50689],[83.01864,18.50893],[83.0161,18.50986],[83.01073,18.51185],[83.00889,18.51168],[83.00458,18.51128],[83.00044,18.51203],[82.99664,18.51301],[82.99182,18.51408],[82.98866,18.51575],[82.98443,18.518],[82.98142,18.51961],[82.97868,18.5213],[82.97806,18.52265],[82.9763,18.52652],[82.97385,18.52873],[82.973,18.53239],[82.97143,18.53566],[82.9696,18.53942],[82.96819,18.54233],[82.96651,18.54581],[82.96502,18.5489],[82.96353,18.55199],[82.96214,18.55488],[82.96121,18.55679],[82.95818,18.5577],[82.95397,18.55903],[82.95026,18.56017],[82.94644,18.5614],[82.94374,18.56223],[82.94112,18.56303],[82.93853,18.56386],[82.93501,18.56494],[82.93139,18.56607],[82.92795,18.56717],[82.92542,18.56795],[82.92171,18.56909],[82.9193,18.57077],[82.91694,18.57238],[82.91437,18.57411],[82.91143,18.57615],[82.91182,18.57986],[82.91203,18.58262],[82.91243,18.58585],[82.91269,18.5893],[82.91132,18.5921],[82.90851,18.59376],[82.90479,18.59598],[82.90267,18.59927],[82.90108,18.60172],[82.90005,18.60335],[82.89595,18.60383],[82.8927,18.60416],[82.88999,18.60443],[82.88733,18.60473],[82.88429,18.60507],[82.88082,18.60537],[82.87917,18.60801],[82.87764,18.61026],[82.87608,18.61267],[82.87431,18.61536],[82.87292,18.61748],[82.87076,18.62077],[82.86925,18.62318],[82.86642,18.62733],[82.86445,18.6297],[82.86258,18.63182],[82.85982,18.63514],[82.85715,18.63832],[82.85469,18.64114],[82.85478,18.64403],[82.85485,18.64726],[82.85491,18.65087],[82.8549,18.65419],[82.85678,18.65735],[82.85841,18.66003],[82.85986,18.66239],[82.86172,18.66553],[82.86333,18.66812],[82.86507,18.67087],[82.86718,18.67451],[82.86862,18.67694],[82.87124,18.68126],[82.87294,18.68402],[82.87457,18.68672],[82.87567,18.68973],[82.87709,18.69337],[82.87833,18.6967],[82.87953,18.69989],[82.87788,18.70239],[82.87641,18.70453],[82.87631,18.70608],[82.87594,18.71044],[82.87557,18.71377],[82.87525,18.7175],[82.87489,18.72107],[82.87458,18.72423],[82.87427,18.72773],[82.87393,18.73118],[82.8736,18.73401],[82.87329,18.73757],[82.87293,18.74054],[82.87253,18.74497],[82.87211,18.74946],[82.87181,18.75283],[82.86838,18.75519],[82.86578,18.75696],[82.86211,18.75945],[82.86179,18.76093],[82.85774,18.7649],[82.85501,18.76758],[82.85271,18.7698],[82.84956,18.77286],[82.84779,18.77526],[82.84409,18.77656],[82.83997,18.77804],[82.83725,18.77895],[82.83552,18.77834],[82.83141,18.77996],[82.82679,18.78171],[82.82398,18.78283],[82.82102,18.78399],[82.81766,18.78528],[82.81472,18.78642],[82.81185,18.78749],[82.80968,18.78794],[82.80548,18.78883],[82.80186,18.78953],[82.79785,18.7903],[82.7941,18.79109],[82.79077,18.79181],[82.78719,18.79248],[82.78407,18.7931],[82.78092,18.79374],[82.77673,18.79456],[82.77489,18.79495],[82.7719,18.79804],[82.76912,18.80098],[82.76799,18.80349],[82.76646,18.80646],[82.76494,18.80934],[82.76357,18.81199],[82.76108,18.81665],[82.76044,18.81773],[82.75928,18.82159],[82.75821,18.82495],[82.75715,18.82662],[82.75497,18.8291],[82.75324,18.83146],[82.7513,18.83301],[82.7499,18.83407],[82.74442,18.83516],[82.74058,18.83595],[82.73744,18.8366],[82.73382,18.8373],[82.73115,18.83786],[82.72839,18.83839],[82.72555,18.83898],[82.72136,18.83983],[82.71707,18.8407],[82.71406,18.84128],[82.71117,18.84186],[82.70818,18.84415],[82.70568,18.84604],[82.7033,18.84782],[82.70007,18.85022],[82.69704,18.85251],[82.69414,18.85466],[82.69061,18.85735],[82.68878,18.85707],[82.68414,18.85635],[82.6827,18.85602],[82.68009,18.85558],[82.67559,18.85482],[82.67287,18.85437],[82.66935,18.85456],[82.66859,18.8546],[82.6643,18.85422],[82.65989,18.85379],[82.65706,18.85304],[82.65398,18.85054],[82.65194,18.84897],[82.64889,18.84661],[82.64464,18.84333],[82.64205,18.84214],[82.63865,18.84059],[82.63528,18.83907],[82.63115,18.84075],[82.6267,18.84241],[82.62381,18.8435],[82.62289,18.84472],[82.62142,18.8468],[82.61899,18.84726],[82.61533,18.84614],[82.61297,18.84565],[82.61032,18.84722],[82.6094,18.84962],[82.608,18.85338],[82.60691,18.85771],[82.60636,18.85996],[82.60367,18.86259],[82.60126,18.86494],[82.5987,18.86747],[82.59522,18.87112],[82.59278,18.87354],[82.5902,18.87613],[82.58705,18.87928],[82.58527,18.88107],[82.5826,18.88376],[82.58059,18.88572],[82.57814,18.88817],[82.57575,18.89058],[82.575,18.8922],[82.57365,18.89477],[82.57182,18.89824],[82.57021,18.90139],[82.56829,18.90502],[82.56736,18.90692],[82.5632,18.90747],[82.56084,18.90776],[82.55784,18.9082],[82.55454,18.90909],[82.55151,18.90991],[82.54833,18.91078],[82.54487,18.91174],[82.54186,18.91256],[82.54011,18.91392],[82.53611,18.91368],[82.53351,18.91303],[82.53138,18.91251],[82.52741,18.91371],[82.52362,18.91489],[82.52039,18.91589],[82.51647,18.91711],[82.51337,18.91806],[82.51176,18.9185],[82.51054,18.91753]]}},{"type":"Feature","properties":{"osm":"w241951854","power":"line","voltage":"220000"},"geometry":{"type":"LineString","coordinates":[[83.1698,17.62638],[83.17074,17.62594],[83.1719,17.62816],[83.173,17.63023],[83.17498,17.63036],[83.17687,17.62947],[83.17934,17.62832],[83.18136,17.62733],[83.18347,17.62627],[83.18417,17.62568]]}},{"type":"Feature","properties":{"osm":"w241951855","power":"line","voltage":"132000"},"geometry":{"type":"LineString","coordinates":[[82.98053,17.68677],[82.98004,17.68776],[82.98086,17.68988],[82.98161,17.69189],[82.98323,17.6939],[82.98457,17.69618],[82.98578,17.69828],[82.98713,17.70058],[82.98848,17.70294],[82.98981,17.70526],[82.98857,17.70727],[82.98684,17.71011],[82.98789,17.71371],[82.98901,17.71749],[82.99084,17.71906],[82.99263,17.72061],[82.99408,17.723],[82.99546,17.72526],[82.99856,17.72559],[83.00185,17.72595],[83.00504,17.7263],[83.00783,17.72656],[83.01066,17.72687],[83.01366,17.72719],[83.0168,17.72758],[83.01888,17.72946],[83.0213,17.73169],[83.02375,17.73393],[83.02627,17.73624],[83.02826,17.73804],[83.03068,17.73958],[83.03295,17.741],[83.03543,17.74254],[83.03809,17.7442],[83.04087,17.74594],[83.04322,17.74743],[83.04594,17.74909],[83.0487,17.75076],[83.05106,17.75219],[83.05331,17.75355],[83.05565,17.75496],[83.05797,17.75638],[83.06053,17.75791],[83.06336,17.75964],[83.06593,17.76119],[83.06884,17.76246],[83.07211,17.76387],[83.07527,17.76523],[83.07621,17.76807],[83.07697,17.77038],[83.07827,17.77427],[83.07901,17.77652],[83.07993,17.77933],[83.08171,17.78051],[83.08371,17.78188],[83.08575,17.78325],[83.08793,17.78471],[83.09028,17.78628],[83.09219,17.78759],[83.09462,17.78923],[83.09732,17.79107],[83.09835,17.79338],[83.10126,17.79558],[83.10414,17.79775],[83.10695,17.79988],[83.11007,17.80222],[83.11272,17.80423],[83.11583,17.80467],[83.11905,17.80516],[83.12249,17.80567],[83.12527,17.80608],[83.12759,17.80642],[83.12989,17.80675],[83.13162,17.8083],[83.1341,17.80884],[83.13703,17.80947],[83.13977,17.8101],[83.14187,17.81054],[83.14307,17.8108],[83.14508,17.81121],[83.14802,17.8119],[83.15085,17.81252],[83.15341,17.81308],[83.15638,17.81374],[83.15961,17.81441],[83.16214,17.81652],[83.16481,17.81865],[83.16734,17.82069],[83.16976,17.82262],[83.17212,17.8246],[83.17439,17.8264],[83.17599,17.82801],[83.17784,17.82981],[83.17971,17.83169],[83.18183,17.83378],[83.18435,17.83556],[83.18634,17.83696],[83.18849,17.83851],[83.19082,17.84018],[83.19198,17.84043],[83.19445,17.84213],[83.19711,17.84401],[83.19975,17.84586],[83.20242,17.84773],[83.2052,17.84715],[83.20794,17.84657],[83.21097,17.84543],[83.21327,17.84458],[83.21594,17.84359],[83.21837,17.84267],[83.22136,17.84152],[83.22421,17.84047],[83.22553,17.83997],[83.22574,17.83709],[83.22592,17.83454],[83.2261,17.83187],[83.22663,17.83023],[83.22687,17.82926],[83.22746,17.82929]]}},{"type":"Feature","properties":{"osm":"w241951862","power":"line","voltage":"220000"},"geometry":{"type":"LineString","coordinates":[[83.12317,17.61291],[83.12411,17.61429],[83.12305,17.61674],[83.12327,17.61942],[83.12347,17.62164],[83.12461,17.62383],[83.12717,17.62606],[83.12908,17.62845],[83.13121,17.63122],[83.13304,17.63352],[83.13496,17.63552],[83.13654,17.6372]]}},{"type":"Feature","properties":{"osm":"w241951864","power":"line","voltage":"220000"},"geometry":{"type":"LineString","coordinates":[[83.25952,17.77974],[83.25747,17.78035],[83.25601,17.78083],[83.2544,17.78191],[83.25267,17.78374],[83.25216,17.7863]]}},{"type":"Feature","properties":{"osm":"w241951874","power":"line","voltage":"220000"},"geometry":{"type":"LineString","coordinates":[[83.19544,17.62081],[83.19426,17.62141],[83.1925,17.62225],[83.18994,17.6235],[83.18746,17.6247],[83.18494,17.62592],[83.1824,17.62715],[83.18015,17.62824],[83.17764,17.62947],[83.17509,17.63069],[83.17281,17.63053],[83.17179,17.62856],[83.17077,17.62662],[83.17011,17.62692]]}},{"type":"Feature","properties":{"osm":"w241951877","power":"line","voltage":"400000"},"geometry":{"type":"LineString","coordinates":[[83.13213,17.63814],[83.13091,17.63737],[83.13043,17.63602],[83.13058,17.63397],[83.13068,17.63283],[83.12943,17.63],[83.12821,17.62851],[83.12719,17.62721],[83.1256,17.6252],[83.12342,17.62511],[83.12159,17.62292],[83.12086,17.62034],[83.11999,17.6174],[83.11977,17.61582],[83.11932,17.61519]]}},{"type":"Feature","properties":{"osm":"w241951878","power":"line"},"geometry":{"type":"LineString","coordinates":[[83.23819,17.84603],[83.23911,17.8436],[83.24018,17.84138],[83.24068,17.83916],[83.24124,17.83676],[83.24159,17.83514],[83.24101,17.83386],[83.23893,17.8331],[83.23686,17.83232],[83.23438,17.83141],[83.23452,17.83107],[83.23464,17.8308],[83.2347,17.83045],[83.23182,17.82948],[83.22935,17.82869]]}},{"type":"Feature","properties":{"osm":"w241951879","power":"line","voltage":"400000"},"geometry":{"type":"LineString","coordinates":[[83.09124,17.6048],[83.09372,17.60634],[83.09614,17.60737],[83.09836,17.60772],[83.10149,17.60826],[83.1025,17.60937],[83.10557,17.60945],[83.10784,17.61025],[83.10973,17.61091],[83.11211,17.61081],[83.1147,17.61074],[83.11642,17.61068],[83.11799,17.61187]]}},{"type":"Feature","properties":{"osm":"w241951881","power":"line","voltage":"220000"},"geometry":{"type":"LineString","coordinates":[[83.12272,17.61186],[83.12259,17.61271],[83.12232,17.61392],[83.12166,17.6159],[83.12086,17.61724],[83.12023,17.61763],[83.11993,17.61781],[83.119,17.61839],[83.1168,17.61893],[83.11473,17.61942],[83.11349,17.62093],[83.11214,17.62259],[83.10903,17.62375],[83.10828,17.6266],[83.10771,17.62934],[83.10705,17.63256],[83.10677,17.63372],[83.10588,17.63636],[83.10501,17.63897],[83.10403,17.6418],[83.10199,17.64319],[83.10026,17.64438],[83.09824,17.64491],[83.09587,17.64554],[83.09587,17.64619],[83.09589,17.64654],[83.09599,17.6472],[83.09644,17.64904],[83.09689,17.65089],[83.09752,17.65224],[83.09835,17.65402],[83.09835,17.6555],[83.09955,17.65905],[83.10033,17.66135],[83.10102,17.66337],[83.10026,17.66532],[83.09924,17.668],[83.09827,17.67057],[83.09743,17.67281],[83.09485,17.67524],[83.09231,17.67591],[83.09004,17.67652],[83.08833,17.67894],[83.08671,17.68122],[83.0846,17.68416],[83.08476,17.68549],[83.08499,17.68759],[83.08452,17.69048],[83.08505,17.69334],[83.08623,17.69611],[83.0875,17.6989],[83.08809,17.70162],[83.08867,17.70417],[83.08932,17.70705],[83.08994,17.70992],[83.09031,17.71161],[83.0904,17.71511],[83.0895,17.71817],[83.08866,17.72104],[83.08786,17.72374],[83.08703,17.72643],[83.08618,17.7294],[83.08542,17.73201],[83.08466,17.73474],[83.08393,17.73714],[83.08336,17.73913],[83.08414,17.74071],[83.08514,17.74278],[83.08628,17.74522],[83.08782,17.74672],[83.08871,17.74867],[83.08915,17.74864],[83.08957,17.74861],[83.09022,17.74857],[83.09162,17.74915],[83.09419,17.74917],[83.09545,17.7507],[83.09642,17.75261],[83.09617,17.75468],[83.09681,17.75752],[83.09922,17.75972],[83.10028,17.76178],[83.10112,17.76342],[83.10108,17.76618],[83.10104,17.7683],[83.101,17.77058],[83.10187,17.77319],[83.10268,17.77561],[83.1035,17.77802],[83.10431,17.78059],[83.10493,17.78382],[83.10544,17.78675],[83.10601,17.78988],[83.1059,17.79274],[83.10594,17.79571],[83.10596,17.79838],[83.10814,17.79955],[83.1102,17.80065],[83.11268,17.80199],[83.1149,17.80319],[83.1171,17.80293],[83.11936,17.80268],[83.122,17.80237],[83.12479,17.80205],[83.12785,17.80231],[83.13041,17.80253],[83.13266,17.80272],[83.13533,17.80295],[83.13826,17.80417],[83.14103,17.80535],[83.1427,17.80603],[83.14368,17.80652],[83.14694,17.80672],[83.1497,17.80687],[83.1525,17.80698],[83.15435,17.80602],[83.15663,17.8045],[83.15876,17.80304],[83.16152,17.80265],[83.1645,17.8022],[83.16747,17.80179],[83.17063,17.80134],[83.17353,17.80092],[83.17661,17.80047],[83.17962,17.80004],[83.18243,17.79966],[83.18549,17.79921],[83.18816,17.79732],[83.19093,17.79529],[83.19272,17.79548],[83.19397,17.79526],[83.19643,17.79492],[83.19867,17.79458],[83.20201,17.79493],[83.20338,17.79487],[83.20628,17.79382],[83.20888,17.79286],[83.21057,17.79349],[83.21242,17.79391],[83.21423,17.79277],[83.21626,17.79152],[83.21855,17.79038],[83.22084,17.78946],[83.22345,17.78842],[83.22517,17.7877],[83.22619,17.78506],[83.22729,17.78218],[83.22746,17.78072],[83.22907,17.77989],[83.23082,17.77981],[83.23152,17.77977],[83.23436,17.77977],[83.23639,17.78098],[83.23909,17.78356],[83.23964,17.78615],[83.24198,17.78875],[83.24429,17.78971],[83.24677,17.78868],[83.24981,17.7874],[83.25216,17.7863]]}},{"type":"Feature","properties":{"osm":"w241951883","power":"line","voltage":"220000"},"geometry":{"type":"LineString","coordinates":[[83.18646,17.66891],[83.18293,17.66802],[83.18072,17.66743],[83.17622,17.6662],[83.17307,17.66534],[83.17137,17.66241],[83.16992,17.65985],[83.16817,17.65689],[83.16654,17.65408],[83.16483,17.65113],[83.16312,17.64814],[83.16141,17.64537],[83.15979,17.64254],[83.15822,17.64335],[83.15549,17.64465],[83.15239,17.64608],[83.1494,17.64749],[83.14585,17.64789],[83.14392,17.64601],[83.14097,17.64306],[83.13828,17.64025]]}},{"type":"Feature","properties":{"osm":"w241951884","power":"line","voltage":"400000"},"geometry":{"type":"LineString","coordinates":[[83.13092,17.63913],[83.12829,17.63747],[83.12611,17.63615],[83.12348,17.63619],[83.12123,17.63928],[83.11855,17.63789],[83.11746,17.63789],[83.11496,17.63745],[83.11304,17.63891],[83.11185,17.64131],[83.10981,17.64371],[83.1082,17.64564],[83.10544,17.6458],[83.10196,17.646],[83.09903,17.64616],[83.0955,17.64642],[83.09165,17.64662],[83.08855,17.64679]]}},{"type":"Feature","properties":{"osm":"w241951889","power":"line","voltage":"220000"},"geometry":{"type":"LineString","coordinates":[[83.16756,17.62701],[83.16552,17.62846]]}},{"type":"Feature","properties":{"osm":"w241951890","power":"line","voltage":"220000"},"geometry":{"type":"LineString","coordinates":[[83.16552,17.62846],[83.16789,17.62771]]}},{"type":"Feature","properties":{"osm":"w241951891","power":"line","voltage":"220000"},"geometry":{"type":"LineString","coordinates":[[83.31243,17.76321],[83.31053,17.76383],[83.3087,17.7644],[83.30657,17.76436],[83.30489,17.76163],[83.30275,17.761],[83.29931,17.76116],[83.29528,17.76134],[83.29229,17.76267],[83.28942,17.76392],[83.28676,17.76507],[83.2841,17.76622],[83.28379,17.76736],[83.28288,17.76928],[83.28164,17.7719],[83.27922,17.77395],[83.2769,17.775],[83.27434,17.77615],[83.27245,17.77517],[83.26985,17.77729]]}},{"type":"Feature","properties":{"osm":"w241951893","power":"line","voltage":"220000"},"geometry":{"type":"LineString","coordinates":[[83.26985,17.77729],[83.27217,17.7762],[83.27453,17.77654],[83.27704,17.77544],[83.2795,17.77436],[83.28073,17.77328],[83.28199,17.77222],[83.28336,17.76937],[83.28428,17.76746],[83.28435,17.76645],[83.28681,17.76523],[83.28929,17.7643],[83.29165,17.76338],[83.29408,17.76248],[83.29594,17.76154],[83.29909,17.76203],[83.30154,17.76176],[83.30327,17.76178],[83.30478,17.76193],[83.30641,17.76457],[83.30805,17.7647],[83.3103,17.76441],[83.31267,17.76413]]}},{"type":"Feature","properties":{"osm":"w241951894","power":"line","voltage":"220000"},"geometry":{"type":"LineString","coordinates":[[83.25216,17.7863],[83.25248,17.78845],[83.25167,17.79004],[83.25091,17.79192],[83.25044,17.79389],[83.25149,17.79559],[83.25255,17.79728],[83.2538,17.79919],[83.25398,17.80069],[83.25253,17.80275],[83.2525,17.80561],[83.25221,17.80811],[83.25029,17.80975],[83.24876,17.81095],[83.24716,17.81224],[83.24493,17.81328],[83.24259,17.81435],[83.24082,17.81517],[83.23847,17.81664],[83.23669,17.81774],[83.23412,17.81937],[83.23187,17.82078],[83.22957,17.8225],[83.23079,17.82473],[83.23053,17.82775],[83.22992,17.82911]]}},{"type":"Feature","properties":{"osm":"w241951899","power":"line","voltage":"132000"},"geometry":{"type":"LineString","coordinates":[[83.27714,17.74529],[83.27631,17.74645],[83.27476,17.74736],[83.27319,17.74721],[83.27075,17.74804],[83.26792,17.74901],[83.26697,17.74933],[83.26527,17.74992],[83.26462,17.75014],[83.26255,17.75084],[83.26028,17.75162],[83.25862,17.75161],[83.25759,17.7518],[83.25616,17.75306],[83.2537,17.75385],[83.25104,17.75414],[83.24804,17.75434],[83.24577,17.75451],[83.24276,17.7547],[83.24042,17.75484],[83.23663,17.75455],[83.23278,17.75383],[83.23008,17.75256],[83.22919,17.75239],[83.22673,17.75402],[83.22532,17.75773],[83.22396,17.75924],[83.22219,17.7593],[83.22091,17.75935],[83.21935,17.76004]]}},{"type":"Feature","properties":{"osm":"w241951900","power":"line","voltage":"132000"},"geometry":{"type":"LineString","coordinates":[[83.22748,17.82892],[83.227,17.82889],[83.22702,17.82863],[83.22901,17.82822],[83.23237,17.82939],[83.23558,17.83052],[83.23882,17.83167],[83.2411,17.83218],[83.24313,17.8327],[83.24652,17.83369],[83.24935,17.83454],[83.25109,17.83613],[83.25259,17.8376],[83.25586,17.83711],[83.2579,17.83891],[83.25984,17.84065],[83.26094,17.84162],[83.26186,17.8439],[83.26405,17.8454],[83.2671,17.84746],[83.26896,17.84852],[83.27101,17.84962],[83.27377,17.85043],[83.27661,17.85127],[83.27912,17.85202],[83.28105,17.85258],[83.28232,17.8548],[83.28391,17.85759],[83.28558,17.86054],[83.28767,17.86255],[83.28892,17.86497],[83.29006,17.86714],[83.29269,17.86817],[83.29495,17.86897],[83.29732,17.86986],[83.30006,17.87164],[83.30317,17.87271],[83.30606,17.87375],[83.30819,17.87499],[83.31011,17.87612],[83.31207,17.87726],[83.31388,17.87787],[83.31569,17.87847],[83.31714,17.88066],[83.31819,17.88332],[83.31971,17.88429],[83.32217,17.88502],[83.3241,17.88559],[83.32668,17.88617],[83.32689,17.88557],[83.32918,17.88572],[83.33116,17.88592],[83.33343,17.88613],[83.33617,17.8864],[83.33813,17.88659],[83.3405,17.88681],[83.34362,17.88711],[83.34611,17.88734],[83.34832,17.88755],[83.35073,17.88757],[83.35333,17.88757],[83.35621,17.88758],[83.35945,17.88758],[83.36191,17.88759],[83.36455,17.88762],[83.36705,17.88734],[83.36918,17.88556],[83.37116,17.88393],[83.37326,17.88219],[83.37487,17.88084],[83.37611,17.87991]]}},{"type":"Feature","properties":{"osm":"w241951901","power":"line"},"geometry":{"type":"LineString","coordinates":[[83.2812,17.72831],[83.28114,17.72911],[83.28172,17.73097]]}},{"type":"Feature","properties":{"osm":"w241951902","power":"line","voltage":"220000"},"geometry":{"type":"LineString","coordinates":[[83.122,17.61278],[83.12123,17.61454],[83.12035,17.61625],[83.11895,17.61583],[83.11658,17.61516],[83.11526,17.61281],[83.11434,17.6113],[83.1094,17.61154],[83.1061,17.61088],[83.10314,17.60972],[83.10089,17.60986],[83.09805,17.60893],[83.0946,17.60781],[83.09246,17.60711],[83.09094,17.60718],[83.08777,17.6073],[83.08473,17.60744],[83.08237,17.60649],[83.07982,17.60448],[83.0773,17.60252],[83.07744,17.60226],[83.07761,17.60206],[83.0777,17.60166],[83.07779,17.59994],[83.07787,17.59799],[83.07564,17.59598],[83.07532,17.59383],[83.07602,17.59148],[83.07639,17.58868],[83.07545,17.58548],[83.07318,17.58387],[83.07002,17.58348],[83.06729,17.58155],[83.06611,17.58238],[83.06393,17.58307],[83.06244,17.58203],[83.06074,17.58087],[83.0596,17.57877],[83.05843,17.57648],[83.05564,17.57579],[83.05269,17.57515],[83.04972,17.57452],[83.04782,17.57331],[83.04573,17.57202],[83.04353,17.57064],[83.04087,17.56897],[83.03826,17.56736],[83.03592,17.56589],[83.03314,17.56416],[83.03049,17.56249],[83.02781,17.56079],[83.02499,17.55903],[83.02245,17.55735],[83.01971,17.55543],[83.01751,17.55392],[83.01493,17.55211],[83.01222,17.55024],[83.00976,17.54851],[83.00943,17.54584],[83.00909,17.54325],[83.00869,17.54008],[83.00834,17.53736],[83.00798,17.53456],[83.0076,17.5318],[83.00725,17.52904],[83.00691,17.52641],[83.00651,17.52333],[83.00627,17.52163],[83.00613,17.52065],[83.00464,17.52059],[83.00133,17.52078],[82.99873,17.5209],[82.9957,17.52098],[82.99268,17.52107],[82.99045,17.52115]]}},{"type":"Feature","properties":{"osm":"w241951903","power":"line"},"geometry":{"type":"LineString","coordinates":[[83.28153,17.73088],[83.28098,17.72928],[83.28105,17.72832]]}},{"type":"Feature","properties":{"osm":"w241951904","power":"line","voltage":"220000"},"geometry":{"type":"LineString","coordinates":[[83.22868,17.83056],[83.23159,17.83072],[83.23435,17.83087],[83.23809,17.83205],[83.242,17.83334],[83.24534,17.83441],[83.24828,17.83541],[83.25129,17.83742],[83.25474,17.83981],[83.25798,17.84199],[83.26078,17.84394],[83.26394,17.84606],[83.26701,17.84815],[83.26843,17.85087],[83.26984,17.85335],[83.27119,17.85566],[83.2721,17.85884],[83.27311,17.86235],[83.27434,17.86662],[83.27521,17.86973],[83.27628,17.87344],[83.27748,17.8776],[83.27872,17.88191],[83.27959,17.88494],[83.28163,17.88721],[83.28442,17.89038],[83.28586,17.89194],[83.28838,17.8948],[83.29081,17.89749],[83.29308,17.90006],[83.29576,17.90304],[83.29844,17.90603],[83.30117,17.90899],[83.30327,17.91007],[83.3053,17.9111],[83.30717,17.91396],[83.30915,17.91705],[83.31134,17.92043],[83.31342,17.92366],[83.31527,17.92648],[83.31703,17.92925],[83.31871,17.93258],[83.32047,17.93618],[83.32217,17.93963],[83.32369,17.94273],[83.32544,17.94628],[83.326,17.94931],[83.32678,17.95336],[83.32761,17.95769],[83.32835,17.96144],[83.32898,17.96476],[83.32959,17.96801],[83.33026,17.97149],[83.33191,17.97539],[83.33334,17.97877],[83.33447,17.98194],[83.33565,17.98521],[83.337,17.98902],[83.33836,17.99288],[83.33955,17.9964],[83.34158,17.99931],[83.34343,18.00197],[83.34589,18.00548],[83.3477,18.00813],[83.34999,18.01141],[83.35213,18.01447],[83.35405,18.0172],[83.35595,18.02],[83.3581,18.02306],[83.36003,18.02584],[83.36096,18.02821],[83.36227,18.03149],[83.36363,18.03494],[83.36521,18.03899],[83.36669,18.04268],[83.36815,18.04647],[83.36949,18.04989],[83.37069,18.05291],[83.37185,18.05655],[83.37306,18.06036],[83.3743,18.06425],[83.37336,18.06781],[83.37237,18.07173],[83.37143,18.07533],[83.37045,18.07904],[83.36984,18.08138],[83.36994,18.08385],[83.37001,18.08633],[83.3702,18.09102],[83.37036,18.09522],[83.3705,18.09942],[83.37069,18.10335],[83.37084,18.10707],[83.37096,18.11054],[83.37111,18.11426],[83.37262,18.11781],[83.37384,18.12068],[83.37484,18.12302],[83.37488,18.12619],[83.3749,18.12873],[83.3749,18.12934],[83.37491,18.1297],[83.37491,18.13002],[83.37494,18.13415],[83.375,18.13721],[83.37533,18.13905],[83.37633,18.14019],[83.37784,18.14363],[83.37951,18.14743],[83.38103,18.15082],[83.38249,18.15406],[83.38378,18.15699],[83.38513,18.16],[83.38771,18.16239],[83.39053,18.1649],[83.39299,18.16714],[83.39545,18.16934],[83.39751,18.17201],[83.39983,18.17494],[83.40228,18.17677],[83.40462,18.17854],[83.40675,18.18014],[83.41006,18.18046],[83.4146,18.18092],[83.41787,18.18141],[83.42094,18.18188],[83.42471,18.18243],[83.42795,18.18291],[83.4309,18.1843],[83.43435,18.18593],[83.43757,18.18748],[83.44098,18.18907],[83.44407,18.19051],[83.44534,18.19106],[83.44623,18.19354],[83.44716,18.19607],[83.44877,18.19866],[83.45038,18.20122],[83.45205,18.20387],[83.45393,18.2069],[83.45497,18.20928],[83.45602,18.21159],[83.45645,18.21212]]}},{"type":"Feature","properties":{"osm":"w241951905","power":"line","voltage":"220000"},"geometry":{"type":"LineString","coordinates":[[83.16922,17.62531],[83.1699,17.62498],[83.16947,17.62418],[83.16905,17.62339],[83.16836,17.62212],[83.16768,17.62084],[83.16744,17.6195],[83.16877,17.61886],[83.17007,17.61823],[83.17129,17.61764],[83.17256,17.61703],[83.17381,17.61644],[83.17507,17.61582],[83.17634,17.6152],[83.17766,17.6146],[83.17878,17.61403],[83.17924,17.6138]]}},{"type":"Feature","properties":{"osm":"w241951907","power":"line","voltage":"220000"},"geometry":{"type":"LineString","coordinates":[[83.19513,17.60263],[83.19426,17.60083],[83.19232,17.60177],[83.19103,17.59936],[83.18977,17.59693],[83.18846,17.59451],[83.18759,17.59283],[83.18637,17.5905],[83.18394,17.5917],[83.18168,17.5928],[83.17943,17.59388],[83.17695,17.59507],[83.17519,17.59593],[83.17277,17.5971],[83.17091,17.59798],[83.16862,17.5991],[83.1662,17.60028],[83.16417,17.60124],[83.16206,17.60227],[83.15993,17.60329],[83.15786,17.6043],[83.1565,17.60617],[83.15715,17.60831],[83.15782,17.61046],[83.15853,17.61276],[83.15918,17.61482],[83.1599,17.61707],[83.16059,17.61928],[83.16207,17.61937],[83.16367,17.61947],[83.16476,17.62155],[83.16596,17.62382],[83.16771,17.62299],[83.16852,17.62457]]}},{"type":"Feature","properties":{"osm":"w241951910","power":"line","voltage":"132000"},"geometry":{"type":"LineString","coordinates":[[83.21114,17.75854],[83.21312,17.75738],[83.21514,17.76007],[83.21705,17.7604]]}},{"type":"Feature","properties":{"osm":"w241951914","power":"line","voltage":"132000"},"geometry":{"type":"LineString","coordinates":[[83.217,17.76018],[83.2153,17.75977],[83.21326,17.75715],[83.21102,17.75833]]}},{"type":"Feature","properties":{"osm":"w241951922","power":"line","voltage":"400000"},"geometry":{"type":"LineString","coordinates":[[83.13104,17.64254],[83.13325,17.64328],[83.13459,17.64406],[83.13579,17.64232]]}},{"type":"Feature","properties":{"osm":"w241951927","power":"line","voltage":"132000"},"geometry":{"type":"LineString","coordinates":[[83.21098,17.75166],[83.21036,17.75206],[83.21166,17.75385],[83.21393,17.75633],[83.21538,17.75787],[83.21749,17.76008]]}},{"type":"Feature","properties":{"osm":"w241951934","power":"line","voltage":"132000"},"geometry":{"type":"LineString","coordinates":[[83.18665,17.71683],[83.18717,17.71836],[83.1878,17.72019],[83.18836,17.72182],[83.18913,17.72405],[83.18981,17.72602],[83.19002,17.72698],[83.19059,17.72825],[83.19093,17.72944],[83.19134,17.73044],[83.19213,17.73276],[83.1929,17.735],[83.19368,17.73728],[83.19443,17.73947],[83.19526,17.74186],[83.19599,17.74402],[83.19685,17.74659],[83.19746,17.74841],[83.1982,17.75052],[83.19889,17.75255],[83.19971,17.75473],[83.20054,17.75729],[83.20145,17.7586],[83.20366,17.75884],[83.20582,17.75908],[83.20979,17.75953]]}},{"type":"Feature","properties":{"osm":"w241951938","power":"line","voltage":"132000"},"geometry":{"type":"LineString","coordinates":[[83.20892,17.75916],[83.20728,17.75895],[83.20416,17.75855],[83.20249,17.75836],[83.20183,17.75732],[83.20123,17.75637],[83.20076,17.75514],[83.20023,17.75362],[83.19965,17.75206],[83.19907,17.7505],[83.1985,17.74891],[83.19797,17.74734],[83.19754,17.74615],[83.19686,17.74433],[83.19633,17.74289],[83.19571,17.7412],[83.19526,17.73988],[83.19475,17.73838],[83.19426,17.73696],[83.19378,17.73557],[83.19326,17.73405],[83.19271,17.73247],[83.19225,17.73115],[83.19172,17.72959],[83.19117,17.72802],[83.19063,17.72644],[83.19008,17.72489],[83.18953,17.72329],[83.189,17.72173],[83.18846,17.7201],[83.18791,17.71857],[83.18802,17.71769],[83.1883,17.71548],[83.18844,17.71423],[83.1872,17.71255],[83.18649,17.71159],[83.18551,17.71026],[83.18482,17.70861],[83.18415,17.70704],[83.18348,17.70549],[83.1828,17.70391],[83.1822,17.70254],[83.18152,17.70096],[83.18087,17.69945],[83.18019,17.69788],[83.17955,17.69634],[83.17886,17.6948],[83.1782,17.69326],[83.17755,17.69173],[83.17686,17.69016],[83.17621,17.68862],[83.17485,17.68572],[83.17425,17.68461]]}},{"type":"Feature","properties":{"osm":"w241951942","power":"line","voltage":"132000"},"geometry":{"type":"LineString","coordinates":[[83.21779,17.76057],[83.21843,17.76269],[83.21912,17.76509],[83.21981,17.76746],[83.22051,17.76987],[83.22115,17.77207],[83.2217,17.7739],[83.2222,17.77626],[83.22271,17.77859],[83.22324,17.78086],[83.22368,17.78283],[83.22411,17.78471],[83.22461,17.78703],[83.22506,17.78902],[83.22559,17.79137],[83.22593,17.79292],[83.22644,17.79522],[83.22691,17.79713],[83.2274,17.79936],[83.22793,17.80188],[83.22853,17.80446],[83.22835,17.80648],[83.22816,17.8087],[83.22801,17.81085],[83.22784,17.81304],[83.22766,17.81537],[83.22745,17.81779],[83.22728,17.82007],[83.22709,17.82242],[83.22689,17.82475],[83.2267,17.82711],[83.22666,17.82913],[83.22653,17.82948],[83.22635,17.83201],[83.22615,17.8345],[83.22599,17.83699],[83.22579,17.83949],[83.22561,17.84215],[83.22543,17.84478],[83.22523,17.84724],[83.22505,17.84998],[83.22486,17.85273],[83.22467,17.85527],[83.22449,17.85768],[83.22428,17.8605],[83.22408,17.86337],[83.22385,17.86646],[83.22364,17.86955],[83.22337,17.87316],[83.22331,17.87378],[83.22311,17.87687],[83.22287,17.87997],[83.22267,17.88296],[83.22246,17.88588],[83.22225,17.88855],[83.22205,17.8914],[83.22183,17.89419],[83.22164,17.89706],[83.22141,17.89999],[83.22115,17.9037],[83.22049,17.90435],[83.21905,17.90576],[83.21686,17.90794],[83.21511,17.90968],[83.21304,17.91171],[83.21112,17.91349],[83.2101,17.91447],[83.20894,17.91557],[83.20809,17.91635],[83.20684,17.9175],[83.20489,17.91932],[83.20284,17.92124],[83.20225,17.92179],[83.2014,17.92259],[83.19966,17.9242],[83.19687,17.92679],[83.19479,17.92874],[83.1927,17.9307],[83.19051,17.93275],[83.1895,17.93369],[83.1884,17.93475],[83.18669,17.93632]]}},{"type":"Feature","properties":{"osm":"w241951945","power":"line","voltage":"220000"},"geometry":{"type":"LineString","coordinates":[[83.17981,17.61851],[83.1783,17.61928],[83.17605,17.62039],[83.17366,17.62154],[83.17158,17.62255],[83.16951,17.62356],[83.17045,17.62539],[83.16951,17.62585]]}},{"type":"Feature","properties":{"osm":"w241951948","power":"line","voltage":"220000"},"geometry":{"type":"LineString","coordinates":[[83.22868,17.83056],[83.22843,17.83048],[83.22807,17.83113],[83.22688,17.83145],[83.22485,17.83198],[83.2219,17.83379],[83.22014,17.83489],[83.21814,17.83612],[83.21507,17.8353],[83.21223,17.83456],[83.20885,17.83366],[83.20569,17.83285],[83.20239,17.83275],[83.19935,17.8326],[83.19767,17.83253],[83.19504,17.83243],[83.19286,17.83235],[83.1901,17.83222],[83.18779,17.83214],[83.18534,17.83262],[83.18207,17.83329],[83.17947,17.83085],[83.17678,17.82837],[83.17421,17.82595],[83.17205,17.82291],[83.17019,17.82014],[83.16766,17.81796],[83.16512,17.81574],[83.16269,17.81361],[83.15998,17.81127],[83.15767,17.80925],[83.15531,17.8072],[83.15285,17.80504],[83.15049,17.80297],[83.14807,17.80084],[83.14531,17.79843],[83.14268,17.79615],[83.14111,17.79183],[83.14001,17.78863],[83.13898,17.78572],[83.13799,17.78281],[83.13696,17.77987],[83.13594,17.77688],[83.13493,17.77401],[83.13482,17.77103],[83.13469,17.768],[83.13453,17.76412],[83.13439,17.76107],[83.13428,17.75822],[83.13414,17.75501],[83.13403,17.75209],[83.13388,17.74922],[83.13294,17.74687],[83.13196,17.74443],[83.13083,17.7416],[83.13015,17.7389],[83.12949,17.73623],[83.12874,17.7333],[83.128,17.73038],[83.12703,17.72659],[83.12636,17.72392],[83.12647,17.72193],[83.12667,17.71972],[83.12457,17.71808],[83.12219,17.71623],[83.12024,17.71471],[83.11719,17.71231],[83.1158,17.7098],[83.11428,17.70701],[83.11275,17.70414],[83.11191,17.70261],[83.11081,17.70062],[83.10968,17.69759],[83.10862,17.69459],[83.10764,17.69195],[83.10684,17.68981],[83.10587,17.68711],[83.10498,17.68431],[83.10485,17.68242],[83.10469,17.67867],[83.10454,17.67539],[83.10444,17.67238],[83.1043,17.66923],[83.10422,17.66631],[83.10408,17.66332],[83.10394,17.66029],[83.10382,17.65748],[83.10379,17.65655]]}},{"type":"Feature","properties":{"osm":"w241951949","power":"line","voltage":"220000"},"geometry":{"type":"LineString","coordinates":[[83.13393,17.63754],[83.1314,17.63617],[83.1283,17.63446],[83.1266,17.63468],[83.12433,17.63533],[83.12256,17.63586],[83.11946,17.63606],[83.11879,17.63664],[83.1165,17.64022],[83.11417,17.64387],[83.1126,17.64628],[83.11054,17.64947],[83.10872,17.6523],[83.10805,17.65332],[83.10717,17.65523],[83.10635,17.6572],[83.10564,17.65892],[83.10559,17.66202],[83.10552,17.66549],[83.10545,17.66878],[83.10527,17.6722],[83.10495,17.67545],[83.10508,17.67887],[83.10522,17.68246],[83.10551,17.68443],[83.10611,17.68613],[83.10742,17.68983],[83.10889,17.69393],[83.11009,17.69742],[83.11116,17.70046],[83.11265,17.70311],[83.11483,17.70703],[83.11666,17.71028],[83.11784,17.71236],[83.12076,17.71457],[83.12328,17.7165],[83.12547,17.71813],[83.12759,17.71974],[83.12825,17.7223],[83.12912,17.72556],[83.13005,17.72907],[83.13086,17.73204],[83.13194,17.73615],[83.13283,17.73945],[83.13364,17.74253],[83.13441,17.74549],[83.1347,17.74773],[83.13514,17.75104],[83.13559,17.75446],[83.13603,17.75781],[83.1365,17.7615],[83.13697,17.76494],[83.13737,17.76807],[83.13778,17.77123],[83.13817,17.77412],[83.13876,17.77878],[83.13921,17.78215],[83.13951,17.78462],[83.13982,17.78703],[83.14243,17.78813],[83.14511,17.78925],[83.14805,17.79052],[83.15007,17.79136],[83.15206,17.79415],[83.154,17.79687],[83.15539,17.79879],[83.1575,17.80173],[83.15942,17.80442],[83.16132,17.80709],[83.16325,17.8098],[83.16519,17.81249],[83.16704,17.81511],[83.16893,17.81773],[83.17088,17.82044],[83.17405,17.82176],[83.17707,17.82302],[83.18022,17.82435],[83.18369,17.82579],[83.1867,17.82704],[83.18937,17.82816],[83.19328,17.82977],[83.195,17.83049],[83.19885,17.83097],[83.20304,17.83168],[83.20688,17.83225],[83.21101,17.83288],[83.21471,17.83341],[83.21821,17.83393],[83.22058,17.83315],[83.22444,17.83177],[83.22723,17.83081],[83.22814,17.83016],[83.22842,17.8297],[83.22843,17.82939]]}},{"type":"Feature","properties":{"osm":"w241988329","power":"line"},"geometry":{"type":"LineString","coordinates":[[83.37653,17.87963],[83.37816,17.88087],[83.38004,17.88229],[83.38277,17.8835],[83.38501,17.8845],[83.38649,17.88574],[83.38788,17.88693],[83.38852,17.88847],[83.39057,17.89017],[83.3936,17.89261],[83.39563,17.89307],[83.39845,17.89374],[83.40099,17.89429],[83.404,17.89468],[83.40645,17.89495],[83.40885,17.89526],[83.41128,17.89684],[83.41389,17.89853],[83.41621,17.90007],[83.41862,17.90162],[83.4212,17.90327],[83.42192,17.9037],[83.42263,17.90412],[83.42517,17.90575],[83.4279,17.90632],[83.43084,17.90757],[83.43154,17.91046],[83.43232,17.91361],[83.43314,17.91443],[83.43544,17.91389],[83.43752,17.9134],[83.43985,17.91321],[83.44137,17.91461],[83.44312,17.91621],[83.44521,17.91813],[83.44724,17.91798],[83.4494,17.91781],[83.45195,17.91853],[83.45434,17.91917],[83.45665,17.91982],[83.45956,17.92165],[83.46227,17.92391],[83.46481,17.92614],[83.4668,17.9278],[83.46783,17.93018],[83.46875,17.93236],[83.47003,17.93293],[83.4728,17.93341],[83.47537,17.9344],[83.47763,17.93471]]}},{"type":"Feature","properties":{"osm":"w308274014","power":"line","voltage":"220000"},"geometry":{"type":"LineString","coordinates":[[83.16653,17.62491],[83.166,17.62529],[83.16704,17.62759],[83.16826,17.62953],[83.16858,17.6314],[83.16823,17.63406],[83.16794,17.63648],[83.16767,17.63892],[83.16613,17.64005],[83.16391,17.6399],[83.16252,17.64125],[83.16098,17.64297],[83.16006,17.64392],[83.15824,17.64354],[83.15596,17.64474],[83.1547,17.64578],[83.15282,17.64631],[83.15158,17.64794],[83.14947,17.64839],[83.14706,17.64849],[83.14426,17.64853],[83.14264,17.64785],[83.14175,17.64598],[83.14214,17.64482],[83.14253,17.64419],[83.14191,17.64339],[83.1402,17.6415],[83.13817,17.63971]]}},{"type":"Feature","properties":{"osm":"w308274015","power":"line","voltage":"400000"},"geometry":{"type":"LineString","coordinates":[[83.06298,17.63404],[83.06323,17.63533],[83.06414,17.63737],[83.06625,17.63773],[83.06994,17.63837],[83.07362,17.639],[83.07713,17.6396],[83.08007,17.64011],[83.083,17.64063],[83.08662,17.64125],[83.08965,17.64181],[83.09123,17.64068],[83.09291,17.64112],[83.0964,17.64054],[83.09999,17.63995],[83.10377,17.63935],[83.10558,17.64027],[83.10931,17.64045],[83.11271,17.63823],[83.11312,17.63535],[83.11371,17.63419],[83.11799,17.6338],[83.12103,17.63388],[83.12264,17.63369],[83.12494,17.63407],[83.12548,17.63465],[83.12634,17.63557],[83.12874,17.63568],[83.13152,17.63869]]}},{"type":"Feature","properties":{"osm":"w308274020","power":"line","voltage":"220000"},"geometry":{"type":"LineString","coordinates":[[83.169,17.62466],[83.16876,17.62351],[83.16785,17.62255],[83.16611,17.6234],[83.16491,17.62112],[83.16387,17.61915],[83.16222,17.61906],[83.16083,17.61898],[83.16018,17.61688],[83.15951,17.61476],[83.15885,17.61269],[83.1582,17.61056],[83.1575,17.60843],[83.15691,17.60651],[83.15833,17.60443],[83.16029,17.60347],[83.16233,17.60248],[83.16444,17.60148],[83.16669,17.60037],[83.16921,17.59916],[83.1716,17.59799],[83.17393,17.59687],[83.17645,17.59567],[83.17889,17.59449],[83.18103,17.59346],[83.18358,17.59221],[83.18605,17.59102],[83.187,17.59283],[83.18826,17.59525],[83.18958,17.59771],[83.19082,17.60008],[83.19203,17.60234],[83.19418,17.60145],[83.19487,17.60276]]}},{"type":"Feature","properties":{"osm":"w323507045","power":"line","voltage":"132000"},"geometry":{"type":"LineString","coordinates":[[83.25614,17.70001],[83.2553,17.70055],[83.25666,17.70224],[83.25816,17.70452],[83.25955,17.70689],[83.26045,17.70855],[83.26113,17.71008],[83.26303,17.71283],[83.26534,17.71443],[83.26644,17.71527],[83.26898,17.71607],[83.2705,17.71656],[83.27363,17.7167]]}},{"type":"Feature","properties":{"osm":"w323507057","power":"line","voltage":"132000"},"geometry":{"type":"LineString","coordinates":[[83.27112,17.71554],[83.26947,17.71541],[83.26656,17.71479],[83.26499,17.7137],[83.26399,17.71231],[83.26219,17.7096],[83.26126,17.70823],[83.26001,17.70646],[83.25902,17.70491],[83.2578,17.70305],[83.25693,17.70174],[83.25601,17.70032]]}},{"type":"Feature","properties":{"osm":"w323507060","power":"line","voltage":"132000"},"geometry":{"type":"LineString","coordinates":[[83.25636,17.69898],[83.25634,17.6983],[83.25647,17.69768],[83.25696,17.69689],[83.25768,17.69635],[83.2585,17.69606],[83.25944,17.69585],[83.26054,17.69562],[83.26244,17.69521],[83.26309,17.6933],[83.26378,17.69202],[83.26334,17.69104],[83.26335,17.6899],[83.26257,17.68968],[83.26244,17.68812],[83.26292,17.68739],[83.2633,17.6863],[83.26553,17.68416],[83.2679,17.68505],[83.27145,17.68541],[83.2717,17.68575]]}},{"type":"Feature","properties":{"osm":"w323507074","power":"line","voltage":"132000"},"geometry":{"type":"LineString","coordinates":[[83.23206,17.696],[83.23093,17.69628],[83.22871,17.6968],[83.22654,17.69732],[83.22424,17.69789],[83.22277,17.69838],[83.22161,17.69902],[83.221,17.70121],[83.21973,17.70128],[83.21745,17.70077],[83.21669,17.70065],[83.21434,17.70043],[83.21162,17.70096],[83.21034,17.70087],[83.20982,17.69942],[83.20923,17.69778],[83.20824,17.6951],[83.20777,17.69387]]}},{"type":"Feature","properties":{"osm":"w323507076","power":"line"},"geometry":{"type":"LineString","coordinates":[[83.26374,17.71447],[83.26499,17.7137]]}},{"type":"Feature","properties":{"osm":"w323507079","power":"line","voltage":"132000"},"geometry":{"type":"LineString","coordinates":[[83.25253,17.69994],[83.25126,17.69966],[83.24848,17.70005],[83.24602,17.70042],[83.24303,17.70088],[83.23971,17.70139],[83.23789,17.70165],[83.23718,17.70181],[83.23793,17.70451],[83.23791,17.70487],[83.23507,17.70476],[83.23209,17.70465],[83.23209,17.70544],[83.23212,17.70762],[83.23076,17.70757],[83.23051,17.70635],[83.23015,17.70633],[83.22746,17.70607],[83.22468,17.70576],[83.22264,17.70537],[83.22107,17.70593],[83.22022,17.70614],[83.21871,17.70641],[83.21855,17.70574],[83.21836,17.70566],[83.21717,17.70501],[83.21453,17.70412],[83.21221,17.70297],[83.2113,17.7033],[83.20963,17.70247],[83.20784,17.70168],[83.20747,17.69885],[83.20687,17.69717],[83.20769,17.69643],[83.20809,17.69517],[83.2077,17.69411]]}},{"type":"Feature","properties":{"osm":"w323507091","power":"line","voltage":"132000"},"geometry":{"type":"LineString","coordinates":[[83.22744,17.82952],[83.22694,17.8295],[83.22701,17.83019],[83.22657,17.8318],[83.22638,17.83436],[83.2261,17.83789],[83.22624,17.84004],[83.22438,17.84059],[83.22117,17.84188],[83.21925,17.84468],[83.21858,17.84567],[83.21704,17.84781],[83.21412,17.84825],[83.21215,17.84866],[83.21028,17.84902],[83.20786,17.84888],[83.20442,17.8499],[83.20192,17.85062],[83.20015,17.85165],[83.19932,17.8529],[83.19635,17.85458],[83.19483,17.85512],[83.19379,17.85637],[83.19276,17.85539],[83.19228,17.85388],[83.19085,17.85388],[83.18995,17.85379],[83.18985,17.85422]]}},{"type":"Feature","properties":{"osm":"w323507096","power":"line"},"geometry":{"type":"LineString","coordinates":[[83.25253,17.69994],[83.25163,17.70054],[83.25019,17.70107],[83.24995,17.70185]]}},{"type":"Feature","properties":{"osm":"w323507097","power":"line","voltage":"132000"},"geometry":{"type":"LineString","coordinates":[[83.21339,17.69593],[83.21277,17.69687],[83.21076,17.69676],[83.20976,17.69513],[83.20875,17.69349],[83.20821,17.69292]]}},{"type":"Feature","properties":{"osm":"w323507100","power":"line","voltage":"220000"},"geometry":{"type":"LineString","coordinates":[[83.23982,17.89132],[83.24077,17.88964],[83.24227,17.88832],[83.24377,17.88686],[83.246,17.88585],[83.24728,17.88431],[83.24625,17.88183],[83.24555,17.88079],[83.24473,17.87841],[83.2439,17.8765],[83.24296,17.87513],[83.24262,17.87277],[83.24193,17.87126],[83.2402,17.8698],[83.23831,17.86844],[83.23549,17.86886],[83.23265,17.86926],[83.23166,17.86824],[83.23048,17.86711],[83.22952,17.86454],[83.2291,17.86186],[83.22699,17.86018],[83.22692,17.85892],[83.22904,17.85739],[83.22893,17.85502],[83.22903,17.85282],[83.22967,17.85132],[83.23048,17.84925],[83.23022,17.84833],[83.22973,17.84657],[83.22964,17.84396],[83.23064,17.84176],[83.23181,17.83919],[83.23287,17.83684],[83.23361,17.83559],[83.23424,17.8335],[83.23366,17.83069],[83.23319,17.83014],[83.23055,17.83039],[83.22971,17.83033],[83.22971,17.82947]]}},{"type":"Feature","properties":{"osm":"w323507101","power":"line","voltage":"132000"},"geometry":{"type":"LineString","coordinates":[[83.25593,17.69927],[83.2543,17.69967],[83.25137,17.69938],[83.24868,17.69974],[83.24597,17.70009],[83.24485,17.70025],[83.24294,17.70054],[83.24193,17.7007],[83.24169,17.69962]]}},{"type":"Feature","properties":{"osm":"w385123918","power":"line","voltage":"400000"},"geometry":{"type":"LineString","coordinates":[[83.12205,17.61001],[83.12406,17.60976],[83.12616,17.61078],[83.1292,17.6101],[83.13236,17.60931],[83.1349,17.60875],[83.13813,17.60797],[83.14059,17.60739],[83.14356,17.60672],[83.14753,17.60629],[83.1459,17.60161],[83.14705,17.59915],[83.14813,17.59638],[83.14908,17.59385],[83.14816,17.59053],[83.14724,17.58713],[83.14686,17.58387],[83.14645,17.58056],[83.14618,17.57824],[83.14593,17.57625],[83.14559,17.57362],[83.14495,17.57037],[83.14497,17.5684],[83.14474,17.56631],[83.14364,17.56537]]}},{"type":"Feature","properties":{"osm":"w385123927","power":"line","voltage":"220000"},"geometry":{"type":"LineString","coordinates":[[83.19662,17.60281],[83.19625,17.60208],[83.1976,17.60176],[83.19872,17.60382],[83.19999,17.60624],[83.20081,17.60796]]}},{"type":"Feature","properties":{"osm":"w436970093","power":"line","voltage":"132000"},"geometry":{"type":"LineString","coordinates":[[83.20694,17.69229],[83.20622,17.69229],[83.2058,17.69344]]}},{"type":"Feature","properties":{"osm":"w465937290","power":"line","voltage":"220000"},"geometry":{"type":"LineString","coordinates":[[83.23946,17.89169],[83.24186,17.89255],[83.24454,17.89419],[83.24958,17.89509],[83.25194,17.8941],[83.25477,17.89293],[83.2579,17.89335],[83.26068,17.89374],[83.26325,17.89408],[83.26642,17.89445],[83.26933,17.89469],[83.27176,17.89666],[83.27424,17.89848],[83.27647,17.9002],[83.27879,17.90193],[83.28018,17.90376],[83.28276,17.90541],[83.2853,17.90743],[83.28825,17.90788],[83.29106,17.90831],[83.29399,17.90873],[83.29705,17.90917],[83.30007,17.90961],[83.30237,17.91048],[83.30465,17.91134],[83.30588,17.91334],[83.30719,17.91545],[83.30764,17.91727],[83.30913,17.91863],[83.31047,17.92087],[83.31186,17.92301],[83.31324,17.9252],[83.31461,17.92731],[83.31605,17.92965],[83.31722,17.93188],[83.3186,17.93445],[83.31983,17.93679],[83.32116,17.93924],[83.32233,17.94142],[83.32252,17.94334],[83.32276,17.94584],[83.32299,17.94812],[83.32328,17.95079],[83.322,17.95265],[83.32047,17.9548],[83.31902,17.95686],[83.31747,17.95921],[83.31768,17.96171],[83.31792,17.96441],[83.31816,17.9671],[83.31841,17.97001],[83.31776,17.97274],[83.31696,17.97578],[83.31627,17.97848],[83.31549,17.98156],[83.31476,17.98446],[83.31402,17.98732],[83.31238,17.98963],[83.31068,17.99197],[83.30902,17.99424],[83.30786,17.99585],[83.30602,17.99836],[83.30443,18.00084],[83.30277,18.00336],[83.30122,18.00577],[83.29975,18.00807],[83.29805,18.01067],[83.29793,18.01356],[83.29783,18.01645],[83.2977,18.0195],[83.29662,18.02217],[83.29558,18.02475],[83.29454,18.02729],[83.29165,18.02862],[83.29045,18.02937],[83.28921,18.03161],[83.28737,18.03425],[83.28626,18.03645],[83.28501,18.03891],[83.2839,18.04113],[83.2827,18.04346],[83.28153,18.04577],[83.28034,18.0481],[83.28046,18.05071],[83.28104,18.05374],[83.28146,18.05683],[83.28178,18.05985],[83.28257,18.06263],[83.28332,18.06548],[83.28411,18.06832],[83.28493,18.07132],[83.28565,18.07385],[83.28637,18.07652],[83.28709,18.07911],[83.28784,18.08206],[83.288,18.08444],[83.28814,18.08726],[83.28831,18.08998],[83.28845,18.09277],[83.28857,18.09513],[83.28871,18.0982],[83.28893,18.10141],[83.28911,18.10482],[83.28922,18.10725],[83.28847,18.1097],[83.28759,18.1123],[83.2868,18.11479],[83.28608,18.11705],[83.2852,18.11972],[83.28435,18.12241],[83.28352,18.12497],[83.28277,18.12738],[83.28272,18.12941],[83.28267,18.13246],[83.28261,18.13552],[83.28252,18.13875],[83.28246,18.14176],[83.28244,18.14474],[83.28288,18.14601],[83.28488,18.14813],[83.28699,18.1504],[83.28903,18.1526],[83.29102,18.15475],[83.29305,18.15693],[83.29503,18.15905],[83.29702,18.16122],[83.29955,18.16336],[83.29938,18.16621],[83.29997,18.1691],[83.30056,18.17204],[83.30093,18.1751],[83.30128,18.17779],[83.30158,18.18051],[83.30196,18.18352],[83.30235,18.18683],[83.30271,18.18976],[83.30306,18.19266],[83.30341,18.19572],[83.30376,18.19866],[83.30402,18.20087],[83.30524,18.20351],[83.30654,18.20635],[83.30775,18.20893],[83.30906,18.21178],[83.30985,18.21483],[83.31055,18.21772],[83.31118,18.22071],[83.31177,18.22356],[83.31232,18.22616],[83.31162,18.22744],[83.31075,18.22958],[83.30999,18.2314],[83.30888,18.23427],[83.30729,18.23693],[83.3057,18.23956],[83.3041,18.24235],[83.30261,18.24499],[83.30112,18.24766],[83.29969,18.25027],[83.29827,18.25295],[83.29833,18.25535],[83.2984,18.2581],[83.2985,18.26101],[83.29851,18.26379],[83.29855,18.26676],[83.29856,18.26973],[83.29861,18.27235],[83.29881,18.27529],[83.299,18.27824],[83.29919,18.28124],[83.2994,18.28426],[83.29962,18.28725],[83.29981,18.29032],[83.30001,18.29333],[83.29965,18.2961],[83.29964,18.29881],[83.29966,18.30159],[83.29966,18.3045],[83.29968,18.30738],[83.29963,18.31021],[83.30021,18.31314],[83.30075,18.3158],[83.30127,18.31845],[83.3018,18.32113],[83.3023,18.32374],[83.30281,18.32633],[83.30332,18.32897],[83.30385,18.3317],[83.30443,18.3346],[83.30501,18.33764],[83.30549,18.34004],[83.30599,18.34257],[83.30653,18.34535],[83.3079,18.34758],[83.30924,18.34966],[83.31082,18.35221],[83.31237,18.35462],[83.31383,18.35694],[83.31533,18.35931],[83.31677,18.36161],[83.31831,18.36408],[83.31996,18.36668],[83.32155,18.36918],[83.32319,18.37171],[83.32467,18.37405],[83.32423,18.37679],[83.32379,18.37942],[83.32332,18.38236],[83.32281,18.38516],[83.32231,18.38814],[83.32189,18.3908],[83.3214,18.39393],[83.32098,18.39687],[83.32052,18.39976],[83.32016,18.4026],[83.31971,18.40558],[83.3193,18.40849],[83.31959,18.41111],[83.31991,18.41397],[83.32018,18.41638],[83.32042,18.41875],[83.32067,18.42116],[83.32097,18.42204],[83.32279,18.42243],[83.32304,18.4214]]}},{"type":"Feature","properties":{"osm":"w465937291","power":"line","voltage":"400000"},"geometry":{"type":"LineString","coordinates":[[83.12033,17.61186],[83.1202,17.6118],[83.11983,17.61163],[83.11969,17.61156],[83.11947,17.61146],[83.11932,17.61139],[83.11845,17.61087]]}},{"type":"Feature","properties":{"osm":"w474035480","power":"line","voltage":"220000"},"geometry":{"type":"LineString","coordinates":[[83.21905,17.9444],[83.21971,17.94364],[83.21967,17.94299],[83.2182,17.94171],[83.21885,17.94126],[83.22057,17.94006],[83.223,17.938],[83.22534,17.93701],[83.22693,17.93465],[83.22809,17.93258],[83.22785,17.92946],[83.22765,17.92713],[83.22741,17.92414],[83.22902,17.92218],[83.23011,17.92131],[83.22929,17.91861],[83.22797,17.91713],[83.22673,17.91565],[83.22556,17.91335],[83.226,17.91076],[83.22758,17.90917],[83.2287,17.90919],[83.22945,17.9092],[83.23115,17.90999],[83.23251,17.91147],[83.23503,17.91277],[83.23716,17.91188],[83.23769,17.90986],[83.23796,17.90846],[83.23879,17.9071],[83.23884,17.90424],[83.24045,17.90225],[83.23987,17.90009],[83.23928,17.89781],[83.23865,17.89541],[83.24053,17.89342],[83.24027,17.89231]]}},{"type":"Feature","properties":{"osm":"w505856211","power":"line","voltage":"132000"},"geometry":{"type":"LineString","coordinates":[[83.20291,17.68612],[83.20244,17.68541],[83.20235,17.68406],[83.19986,17.68246],[83.19782,17.68201],[83.19631,17.68168],[83.19443,17.68128],[83.19375,17.67956],[83.19277,17.67722],[83.19171,17.67454],[83.19101,17.67287],[83.18997,17.67033],[83.1872,17.66957],[83.18442,17.66881],[83.18253,17.6683],[83.18116,17.66794],[83.17912,17.66737],[83.17636,17.66663],[83.17381,17.66594],[83.17076,17.6651],[83.16797,17.66435],[83.16562,17.66293],[83.16344,17.66157],[83.16113,17.66017],[83.15972,17.65931],[83.15781,17.65812],[83.156,17.65703],[83.15457,17.65612],[83.15269,17.65497],[83.15085,17.65381],[83.14918,17.65278],[83.14721,17.65159],[83.14523,17.65035],[83.14323,17.64911],[83.14114,17.64782],[83.13896,17.64656],[83.1367,17.64592],[83.1346,17.64457],[83.133,17.6436],[83.1311,17.64277],[83.12861,17.64286],[83.12777,17.64247],[83.128,17.64161],[83.12795,17.63987],[83.12766,17.63916],[83.12621,17.63861],[83.12408,17.63797],[83.12169,17.63717],[83.11947,17.63645],[83.11716,17.63566],[83.11483,17.6349],[83.11267,17.63417],[83.11014,17.63334],[83.10797,17.63261],[83.10478,17.63154],[83.10142,17.63041],[83.09884,17.62955],[83.09652,17.62878],[83.09424,17.62802],[83.09204,17.62729],[83.09014,17.62662],[83.08839,17.62605],[83.08673,17.62552],[83.08471,17.62487],[83.08262,17.62419],[83.08195,17.624],[83.08062,17.62352],[83.07899,17.623],[83.07722,17.62243],[83.0752,17.62176],[83.07284,17.62103],[83.07034,17.62024],[83.06804,17.61947],[83.06584,17.61874],[83.06354,17.618],[83.06124,17.61723],[83.059,17.61652],[83.05668,17.61574],[83.05478,17.61415],[83.05295,17.61255],[83.05096,17.61082],[83.04916,17.6093],[83.04733,17.6077],[83.04552,17.60614],[83.0437,17.60461],[83.04177,17.60291],[83.03985,17.60129],[83.03807,17.59976],[83.03628,17.59819],[83.03442,17.59662],[83.03268,17.59511],[83.03095,17.59362],[83.02923,17.59212],[83.02753,17.59065],[83.0257,17.58909],[83.02379,17.58744],[83.022,17.58587],[83.02016,17.5843],[83.01841,17.58279],[83.01652,17.58158],[83.0146,17.58037],[83.01256,17.57907],[83.01052,17.57778],[83.00846,17.57648],[83.00652,17.57521],[83.00447,17.57391],[83.00245,17.57263],[83.0004,17.57132],[82.99839,17.57002],[82.99638,17.56874],[82.99452,17.56756],[82.99283,17.56649],[82.99082,17.56519],[82.98877,17.56388],[82.98669,17.56256],[82.98451,17.56116],[82.98241,17.55984],[82.98045,17.5586],[82.97907,17.55763],[82.97721,17.5563],[82.97546,17.5551],[82.9736,17.55378],[82.97198,17.55264],[82.97057,17.55166],[82.96873,17.55037],[82.96689,17.54907],[82.96485,17.54767],[82.96304,17.54638],[82.96105,17.54499],[82.95909,17.54364],[82.95705,17.54219],[82.95487,17.54065],[82.95303,17.53939],[82.95114,17.53805],[82.94924,17.53669],[82.9473,17.53537],[82.94536,17.53401],[82.94345,17.53267],[82.94137,17.53121],[82.93934,17.52979],[82.93702,17.5291],[82.93455,17.52837],[82.93241,17.52772],[82.93016,17.52706],[82.92791,17.52639],[82.92565,17.52571],[82.92337,17.52503],[82.92099,17.52432],[82.91879,17.52367],[82.91651,17.52298],[82.91416,17.52228],[82.91196,17.52162],[82.90967,17.52094],[82.90749,17.5203],[82.90514,17.51958],[82.90286,17.51892],[82.9002,17.51812],[82.89821,17.51693],[82.89615,17.51568],[82.89422,17.51452],[82.89213,17.51326],[82.89005,17.512],[82.8881,17.51084],[82.88591,17.50952],[82.88387,17.50828],[82.88178,17.50703],[82.87973,17.50579],[82.87766,17.50456],[82.87566,17.50334],[82.87362,17.50213],[82.8717,17.50097],[82.86963,17.49972],[82.86759,17.49849],[82.86555,17.49726],[82.86358,17.49607],[82.86154,17.49484],[82.85951,17.49363],[82.85738,17.49235],[82.85532,17.4911],[82.85321,17.48984],[82.85109,17.48854],[82.84886,17.4872],[82.84674,17.48591],[82.84465,17.48465],[82.8426,17.48342],[82.84057,17.4822],[82.83843,17.48091],[82.83636,17.47965],[82.83428,17.4784],[82.83208,17.47707],[82.82982,17.47569],[82.82759,17.47434],[82.82553,17.47311],[82.82344,17.47183],[82.8215,17.47067],[82.81955,17.46948],[82.8176,17.4683],[82.81565,17.46714],[82.81358,17.46589],[82.81166,17.46472],[82.80965,17.4635],[82.80764,17.46228],[82.80565,17.46108],[82.80369,17.45989],[82.80158,17.45867],[82.79923,17.45697],[82.79812,17.45559],[82.79662,17.45375],[82.79529,17.45214],[82.79405,17.45063],[82.79262,17.44887],[82.79105,17.44697],[82.78952,17.44513],[82.78806,17.4433],[82.78649,17.44139],[82.78497,17.43956],[82.78347,17.43773],[82.78196,17.4359],[82.78045,17.43405],[82.77883,17.4321],[82.77729,17.43021],[82.77578,17.42836],[82.77433,17.42657],[82.77276,17.42465],[82.77135,17.42292],[82.76953,17.422],[82.76751,17.42096],[82.76655,17.42053],[82.7664,17.42043]]}},{"type":"Feature","properties":{"osm":"w665342442","power":"line"},"geometry":{"type":"LineString","coordinates":[[83.31499,17.76304],[83.31468,17.76144],[83.31512,17.76087],[83.31679,17.76054],[83.31859,17.76011],[83.32034,17.75988],[83.32081,17.75989]]}},{"type":"Feature","properties":{"osm":"w679304610","power":"line","voltage":"400000"},"geometry":{"type":"LineString","coordinates":[[83.11958,17.61329],[83.11948,17.61324],[83.11907,17.61305],[83.11896,17.613],[83.11873,17.6129],[83.11836,17.61273],[83.11756,17.61245]]}},{"type":"Feature","properties":{"osm":"w679304613","power":"line","voltage":"400000"},"geometry":{"type":"LineString","coordinates":[[83.11756,17.61245],[83.11825,17.61296],[83.11862,17.61313],[83.11885,17.61323],[83.11895,17.61328],[83.11936,17.61346],[83.11948,17.61351]]}},{"type":"Feature","properties":{"osm":"w679304617","power":"line","voltage":"400000"},"geometry":{"type":"LineString","coordinates":[[80.24085,17.36881],[80.24325,17.36898],[80.24492,17.36681],[80.2455,17.36323],[80.24509,17.36096],[80.24258,17.35818],[80.24124,17.35557],[80.24079,17.35273],[80.2402,17.34954],[80.24083,17.34704],[80.24126,17.34333],[80.24165,17.33964],[80.24198,17.33633],[80.24233,17.33332],[80.24263,17.3308],[80.24291,17.32745],[80.24321,17.3239],[80.24357,17.32034],[80.24388,17.3169],[80.24422,17.31298],[80.24452,17.30985],[80.24484,17.30633],[80.24599,17.30399],[80.24714,17.30149],[80.24789,17.29806],[80.24865,17.29463],[80.24934,17.29129],[80.25016,17.28757],[80.2508,17.28447],[80.25152,17.28108],[80.25221,17.27779],[80.25299,17.27401],[80.2537,17.27061],[80.25513,17.26812],[80.25665,17.26548],[80.25814,17.26274],[80.25996,17.25959],[80.26163,17.25658],[80.26308,17.25405],[80.26499,17.25061],[80.26688,17.24722],[80.26865,17.24412],[80.27048,17.24087],[80.27225,17.23771],[80.27409,17.23443],[80.27613,17.23084],[80.27615,17.22767],[80.27619,17.22454],[80.27621,17.22095],[80.27623,17.21804],[80.27814,17.21482],[80.27993,17.21187],[80.28164,17.209],[80.28349,17.20579],[80.28527,17.2029],[80.28681,17.2002],[80.28835,17.19762],[80.29009,17.19472],[80.292,17.19152],[80.29382,17.18843],[80.2955,17.18568],[80.29889,17.18456],[80.30265,17.18331],[80.30627,17.18213],[80.3098,17.18096],[80.31373,17.17964],[80.31755,17.17839],[80.32118,17.17721],[80.32474,17.17603],[80.3282,17.17616],[80.33166,17.17626],[80.33506,17.17641],[80.33856,17.17653],[80.34205,17.17665],[80.34409,17.17675],[80.34522,17.17833],[80.34767,17.17874],[80.35055,17.17701],[80.35325,17.17705],[80.35643,17.17717],[80.3601,17.17566],[80.36356,17.17424],[80.36734,17.17268],[80.36943,17.17188],[80.37265,17.17218],[80.3747,17.17187],[80.37536,17.1707],[80.37849,17.17024],[80.38217,17.16974],[80.38623,17.16918],[80.39008,17.16864],[80.39395,17.16812],[80.39774,17.1676],[80.40145,17.16709],[80.40479,17.16761],[80.40795,17.16809],[80.40887,17.16943],[80.41038,17.16957],[80.4125,17.16885],[80.41566,17.16926],[80.41928,17.1698],[80.42261,17.17033],[80.42595,17.17087],[80.4292,17.17133],[80.43233,17.17238],[80.43568,17.17347],[80.43952,17.17468],[80.44337,17.17594],[80.44704,17.17716],[80.45072,17.17833],[80.45433,17.17787],[80.45804,17.17737],[80.46162,17.17693],[80.4654,17.17642],[80.46907,17.17593],[80.47269,17.17545],[80.4764,17.17499],[80.48029,17.17444],[80.48406,17.17393],[80.48816,17.17341],[80.49142,17.17296],[80.49482,17.17244],[80.49829,17.17189],[80.50157,17.1714],[80.50515,17.17083],[80.50922,17.17021],[80.51293,17.16962],[80.5168,17.169],[80.52056,17.16843],[80.5242,17.16786],[80.52672,17.16681],[80.52743,17.16549],[80.53116,17.16499],[80.53443,17.16371],[80.53751,17.16244],[80.54074,17.16117],[80.54409,17.16131],[80.54824,17.16149],[80.55214,17.16163],[80.55535,17.16178],[80.55731,17.16035],[80.55991,17.16056],[80.56098,17.16199],[80.56374,17.16214],[80.56774,17.16234],[80.57177,17.16249],[80.57557,17.16229],[80.57934,17.16207],[80.58317,17.16185],[80.5872,17.16161],[80.59103,17.1614],[80.59475,17.16117],[80.59833,17.16065],[80.60202,17.16014],[80.60567,17.1596],[80.60903,17.15913],[80.61265,17.1586],[80.61623,17.15807],[80.61994,17.15755],[80.6242,17.15757],[80.62825,17.15758],[80.63186,17.15762],[80.63536,17.15766],[80.63892,17.15768],[80.6423,17.1577],[80.64586,17.15774],[80.64872,17.15602],[80.65146,17.15436],[80.65416,17.15275],[80.65699,17.15101],[80.65987,17.14992],[80.66064,17.14775],[80.66394,17.14677],[80.66651,17.1467],[80.66971,17.14666],[80.67266,17.14584],[80.67617,17.146],[80.67964,17.14613],[80.68264,17.14621],[80.68551,17.14602],[80.68852,17.14587],[80.6924,17.14571],[80.69592,17.14557],[80.69947,17.14538],[80.70324,17.14527],[80.70691,17.14503],[80.71067,17.14487],[80.71444,17.14476],[80.71814,17.14455],[80.72169,17.1444],[80.72541,17.14424],[80.72901,17.14513],[80.73236,17.14596],[80.73584,17.14681],[80.73919,17.14764],[80.74258,17.14848],[80.74627,17.14939],[80.75002,17.15031],[80.75351,17.15119],[80.75699,17.15204],[80.76029,17.15147],[80.76388,17.15084],[80.7672,17.14961],[80.77062,17.1483],[80.77394,17.14708],[80.77686,17.14557],[80.77988,17.14402],[80.78275,17.14257],[80.78661,17.14265],[80.79034,17.14274],[80.79399,17.14242],[80.79766,17.1421],[80.80143,17.14178],[80.80499,17.14146],[80.80798,17.1431],[80.81061,17.14461],[80.81361,17.14633],[80.81675,17.14808],[80.81998,17.1499],[80.82325,17.15173],[80.82688,17.15377],[80.83026,17.15569],[80.83356,17.15752],[80.83588,17.16015],[80.8382,17.16269],[80.84081,17.16557],[80.84344,17.16847],[80.84601,17.17126],[80.8485,17.17399],[80.851,17.17677],[80.85364,17.17968],[80.85602,17.18226],[80.85842,17.18492],[80.86073,17.18748],[80.86316,17.19014],[80.86548,17.1927],[80.86809,17.19554],[80.87076,17.19847],[80.87307,17.20124],[80.87537,17.2039],[80.87758,17.20651],[80.87984,17.20919],[80.88213,17.21184],[80.88448,17.21462],[80.88677,17.21729],[80.88914,17.22005],[80.89133,17.22261],[80.89334,17.22499],[80.89537,17.22737],[80.89748,17.22981],[80.89926,17.23271],[80.90143,17.23623],[80.90318,17.23911],[80.90496,17.24196],[80.90668,17.24476],[80.90827,17.24732],[80.90982,17.24986],[80.91165,17.25279],[80.91315,17.25516],[80.91619,17.2566],[80.91984,17.25836],[80.92346,17.26015],[80.92677,17.26171],[80.92992,17.26321],[80.93333,17.26486],[80.93683,17.26652],[80.93942,17.26633],[80.9425,17.26608],[80.94612,17.26583],[80.94915,17.26561],[80.95241,17.26536],[80.95549,17.26514],[80.95882,17.2649],[80.96198,17.26464],[80.96537,17.26439],[80.96876,17.26413],[80.97264,17.26375],[80.97658,17.26337],[80.98027,17.26299],[80.98314,17.2627],[80.98601,17.26242],[80.99001,17.26203],[80.99293,17.26174],[80.99649,17.26138],[81.00038,17.26095],[81.00384,17.25993],[81.00735,17.25888],[81.011,17.25776],[81.01415,17.25684],[81.01773,17.25798],[81.02122,17.25901],[81.02508,17.2601],[81.02854,17.26114],[81.03191,17.26213],[81.03516,17.26226],[81.03871,17.26243],[81.04226,17.26261],[81.04645,17.26279],[81.05021,17.26297],[81.05378,17.26311],[81.0574,17.26328],[81.06061,17.26345],[81.06408,17.26358],[81.06673,17.26126],[81.06944,17.25886],[81.07172,17.25684],[81.07409,17.25473],[81.07616,17.2529],[81.07677,17.25023],[81.07734,17.24755],[81.08044,17.24611],[81.08357,17.24465],[81.08685,17.24309],[81.09026,17.24146],[81.09335,17.24],[81.0963,17.23862],[81.09939,17.23717],[81.10283,17.23552],[81.106,17.23402],[81.10891,17.23268],[81.11203,17.23118],[81.11539,17.22958],[81.11842,17.22813],[81.12149,17.22672],[81.12487,17.2251],[81.12755,17.22385],[81.13019,17.2226],[81.13312,17.22123],[81.13638,17.2197],[81.13955,17.21821],[81.1414,17.21933],[81.14533,17.21818],[81.14873,17.21726],[81.15217,17.21712],[81.15568,17.21643],[81.15875,17.21578],[81.15917,17.21569],[81.16244,17.21499],[81.1663,17.21412],[81.16994,17.21328],[81.17301,17.21275],[81.17631,17.21205],[81.17964,17.21134],[81.18266,17.2107],[81.18663,17.20986],[81.18983,17.20922],[81.1935,17.20849],[81.19696,17.2078],[81.20036,17.20708],[81.20333,17.20643],[81.20668,17.20579],[81.21021,17.20505],[81.21305,17.20443],[81.2163,17.20379],[81.2194,17.20346],[81.22296,17.20307],[81.22649,17.20263],[81.23042,17.20222],[81.23391,17.20178],[81.23752,17.20135],[81.24104,17.20096],[81.24487,17.20052],[81.24708,17.20025],[81.24952,17.19996],[81.25268,17.19959],[81.25583,17.19916],[81.25892,17.19877],[81.26163,17.19911],[81.2646,17.19948],[81.26792,17.19994],[81.27076,17.20023],[81.27408,17.20062],[81.2776,17.201],[81.28093,17.20055],[81.28489,17.20004],[81.28837,17.19961],[81.29215,17.19909],[81.29534,17.19872],[81.29885,17.19827],[81.30255,17.19785],[81.30622,17.19743],[81.30938,17.19711],[81.31299,17.1967],[81.31622,17.19441],[81.3195,17.19207],[81.32272,17.1898],[81.32661,17.18886],[81.33068,17.18787],[81.33442,17.18696],[81.33783,17.18609],[81.34135,17.18519],[81.34545,17.1842],[81.34788,17.18359],[81.35145,17.18267],[81.35526,17.18161],[81.35896,17.18063],[81.36296,17.17953],[81.3668,17.17848],[81.36973,17.17828],[81.37363,17.17804],[81.3775,17.17779],[81.38095,17.1776],[81.38466,17.17738],[81.38827,17.17718],[81.39171,17.17692],[81.39519,17.17665],[81.39877,17.17636],[81.40269,17.17605],[81.40619,17.17576],[81.40916,17.17545],[81.41289,17.1751],[81.41649,17.17435],[81.42024,17.17361],[81.42368,17.17296],[81.42784,17.1721],[81.43191,17.17131],[81.43598,17.17052],[81.4398,17.16978],[81.44382,17.16906],[81.44802,17.1683],[81.45192,17.16762],[81.45562,17.16663],[81.45899,17.16567],[81.4625,17.1647],[81.46602,17.1637],[81.47025,17.1625],[81.47424,17.16133],[81.47781,17.16021],[81.48121,17.15914],[81.48437,17.16003],[81.48799,17.16114],[81.49124,17.16213],[81.49454,17.1631],[81.49817,17.16388],[81.50184,17.16466],[81.50562,17.16548],[81.50971,17.16641],[81.51356,17.16726],[81.51729,17.16806],[81.52127,17.16894],[81.52538,17.1699],[81.52838,17.17115],[81.53138,17.17242],[81.53461,17.17381],[81.53763,17.17512],[81.54099,17.17661],[81.54435,17.1781],[81.54729,17.17941],[81.55028,17.18078],[81.55358,17.18227],[81.5568,17.1837],[81.55993,17.18512],[81.56103,17.18828],[81.56214,17.19155],[81.56325,17.19478],[81.56433,17.19791],[81.56532,17.20098],[81.56639,17.20398],[81.5674,17.20693],[81.56837,17.20996],[81.57192,17.21179],[81.5748,17.21328],[81.57806,17.21496],[81.58099,17.21649],[81.58397,17.21803],[81.58659,17.21939],[81.58946,17.22085],[81.59216,17.22221],[81.59523,17.22379],[81.59828,17.2254],[81.60112,17.22719],[81.60408,17.22911],[81.60731,17.23122],[81.61036,17.23321],[81.6134,17.23516],[81.61627,17.23705],[81.61928,17.23902],[81.62212,17.24084],[81.62517,17.24282],[81.62854,17.24499],[81.6314,17.24686],[81.63419,17.24867],[81.63708,17.25054],[81.64014,17.25252],[81.64318,17.25447],[81.64705,17.25699],[81.6488,17.25785],[81.65227,17.25858],[81.65589,17.2593],[81.66139,17.26044],[81.6634,17.26074],[81.66425,17.25981],[81.66449,17.25672],[81.66607,17.25342],[81.66755,17.2503],[81.66906,17.24708],[81.67055,17.24396],[81.67203,17.24083],[81.67354,17.23768],[81.67506,17.23447],[81.67646,17.23141],[81.67965,17.23001],[81.68329,17.22844],[81.68662,17.22695],[81.68996,17.2255],[81.69336,17.22401],[81.6969,17.22243],[81.70026,17.22097],[81.70372,17.21944],[81.70676,17.21869],[81.71004,17.21792],[81.71328,17.21714],[81.71651,17.21639],[81.71986,17.2156],[81.72335,17.21477],[81.72714,17.21385],[81.7278,17.21222],[81.72895,17.20941],[81.7322,17.20771],[81.7358,17.2073],[81.7393,17.20691],[81.743,17.2065],[81.74646,17.20612],[81.75005,17.20571],[81.75362,17.20532],[81.75716,17.20493],[81.76063,17.20455],[81.7634,17.20214],[81.7663,17.19964],[81.76847,17.1977],[81.77183,17.1983],[81.77582,17.19896],[81.77933,17.19955],[81.78272,17.2001],[81.78527,17.19969],[81.78869,17.20046],[81.79248,17.19968],[81.79528,17.19913],[81.79834,17.1985],[81.80154,17.19787],[81.8048,17.1972],[81.80829,17.19648],[81.81182,17.19576],[81.81526,17.19506],[81.81881,17.19436],[81.82161,17.1928],[81.82452,17.19119],[81.82737,17.18961],[81.83041,17.18793],[81.83328,17.18634],[81.83663,17.18749],[81.84,17.18864],[81.84356,17.18844],[81.84698,17.18825],[81.85029,17.18799],[81.85352,17.18781],[81.85692,17.18761],[81.85992,17.18744],[81.86312,17.18753],[81.86711,17.18764],[81.87062,17.18777],[81.87424,17.18789],[81.87809,17.18803],[81.88203,17.18814],[81.88557,17.18824],[81.88878,17.18834],[81.89017,17.18655],[81.89188,17.18442],[81.89359,17.18225],[81.89525,17.18019],[81.8984,17.17949],[81.90155,17.17879],[81.90463,17.17813],[81.90773,17.17741],[81.9107,17.17675],[81.91374,17.17607],[81.91684,17.17538],[81.91978,17.17475],[81.92303,17.17404],[81.9264,17.17332],[81.92968,17.1726],[81.93307,17.17188],[81.93666,17.17106],[81.9403,17.17116],[81.94362,17.17122],[81.94664,17.17129],[81.95003,17.17134],[81.95306,17.17143],[81.9562,17.17149],[81.95968,17.17157],[81.96288,17.17164],[81.96601,17.17169],[81.96944,17.17172],[81.97214,17.17373],[81.97484,17.17576],[81.97735,17.17762],[81.97999,17.17962],[81.98291,17.1818],[81.98553,17.18304],[81.98874,17.18454],[81.99144,17.18587],[81.99438,17.18724],[81.99783,17.18885],[82.00123,17.19043],[82.00455,17.192],[82.00796,17.19354],[82.01025,17.1946],[82.01376,17.19621],[82.01643,17.19794],[82.01942,17.19987],[82.02236,17.20181],[82.02569,17.20401],[82.02838,17.20574],[82.03166,17.20792],[82.03446,17.20977],[82.03694,17.21138],[82.03997,17.21276],[82.04257,17.21397],[82.04528,17.21526],[82.04812,17.21657],[82.05146,17.21809],[82.05457,17.21955],[82.05801,17.22114],[82.06119,17.22258],[82.06452,17.22417],[82.06819,17.22456],[82.07176,17.22496],[82.07529,17.22531],[82.07883,17.22568],[82.08221,17.22607],[82.0858,17.22701],[82.08942,17.22794],[82.09289,17.2288],[82.09658,17.22979],[82.1002,17.23074],[82.10388,17.23171],[82.10762,17.23269],[82.11088,17.2335],[82.11446,17.23442],[82.11758,17.23527],[82.12077,17.23614],[82.12422,17.23656],[82.12774,17.23711],[82.13117,17.23755],[82.13436,17.23804],[82.13771,17.23849],[82.14103,17.2393],[82.14441,17.24015],[82.14746,17.24091],[82.15069,17.24175],[82.15381,17.24252],[82.157,17.24335],[82.16062,17.24375],[82.16431,17.24422],[82.16816,17.24466],[82.17183,17.24513],[82.17547,17.24553],[82.17865,17.2459],[82.18208,17.24632],[82.18552,17.24674],[82.18935,17.2472],[82.19297,17.24764],[82.19684,17.24648],[82.20078,17.24531],[82.20462,17.24418],[82.20792,17.2432],[82.2116,17.24209],[82.21503,17.24107],[82.21877,17.23995],[82.22201,17.23897],[82.22512,17.23804],[82.22854,17.23702],[82.23082,17.23452],[82.23289,17.2322],[82.23523,17.22963],[82.23845,17.22828],[82.24189,17.22689],[82.24507,17.22658],[82.24835,17.22626],[82.25227,17.22588],[82.25623,17.22549],[82.26007,17.22514],[82.26425,17.22471],[82.26784,17.22439],[82.27164,17.22403],[82.27531,17.22368],[82.27925,17.22327],[82.28318,17.22291],[82.28683,17.22254],[82.28842,17.22097],[82.29193,17.21992],[82.29482,17.21907],[82.29833,17.21802],[82.30129,17.21946],[82.30434,17.22097],[82.30735,17.22247],[82.31026,17.22392],[82.31304,17.2252],[82.31631,17.22743],[82.31867,17.22741],[82.32268,17.22749],[82.32558,17.22755],[82.32792,17.22759],[82.33159,17.22768],[82.33438,17.22644],[82.33752,17.22513],[82.3407,17.22383],[82.34394,17.22243],[82.34709,17.22108],[82.35043,17.21966],[82.354,17.2182],[82.35519,17.21705],[82.35654,17.21664],[82.35986,17.21763],[82.36345,17.21869],[82.36697,17.21853],[82.37051,17.21832],[82.37398,17.21811],[82.37745,17.2179],[82.38054,17.21773],[82.38374,17.21969],[82.38703,17.22162],[82.39047,17.22394],[82.3935,17.22596],[82.39659,17.22804],[82.39949,17.23],[82.40283,17.23219],[82.40623,17.23447],[82.40883,17.23619],[82.4088,17.23951],[82.40882,17.24255],[82.40874,17.24567],[82.41065,17.24842],[82.41259,17.25127],[82.41466,17.2543],[82.41673,17.25742],[82.41876,17.26039],[82.42213,17.2616],[82.42549,17.26282],[82.42864,17.26398],[82.43178,17.26511],[82.43459,17.26612],[82.43767,17.26727],[82.44063,17.269],[82.44398,17.27097],[82.44721,17.2728],[82.45046,17.27437],[82.45371,17.27597],[82.45626,17.27717],[82.45887,17.27847],[82.4615,17.27975],[82.46407,17.28098],[82.46652,17.28219],[82.46969,17.28371],[82.47331,17.28548],[82.4764,17.28695],[82.47876,17.28881],[82.48135,17.29074],[82.48382,17.29264],[82.48631,17.29451],[82.48886,17.29642],[82.4916,17.29849],[82.49516,17.29885],[82.49858,17.29919],[82.50185,17.2995],[82.50451,17.29976],[82.50806,17.30011],[82.51051,17.30231],[82.5127,17.30427],[82.51568,17.30683],[82.51833,17.30914],[82.52084,17.31134],[82.52309,17.3133],[82.5253,17.31522],[82.52761,17.31731],[82.52923,17.32016],[82.53113,17.32065],[82.53242,17.32024],[82.53485,17.32156],[82.53788,17.32324],[82.54088,17.32487],[82.54386,17.32653],[82.54684,17.32819],[82.54979,17.32979],[82.5527,17.33141],[82.55592,17.33318],[82.5589,17.33484],[82.5608,17.33735],[82.56329,17.33917],[82.56592,17.34111],[82.5686,17.34314],[82.57099,17.34497],[82.57349,17.34566],[82.57742,17.34673],[82.58023,17.34842],[82.5828,17.34997],[82.58515,17.3514],[82.58751,17.35286],[82.58861,17.35566],[82.58979,17.35854],[82.59098,17.3617],[82.59099,17.36304],[82.5944,17.36496],[82.59777,17.36691],[82.60075,17.36866],[82.6041,17.36971],[82.60692,17.37139],[82.61005,17.37327],[82.61316,17.37515],[82.6163,17.37697],[82.61944,17.37885],[82.62244,17.38063],[82.62527,17.38234],[82.6285,17.38423],[82.6316,17.38607],[82.63207,17.38816],[82.63272,17.39127],[82.63337,17.39434],[82.63622,17.39624],[82.6392,17.39819],[82.64219,17.40011],[82.64516,17.40209],[82.64787,17.40384],[82.65097,17.40587],[82.65424,17.40712],[82.65743,17.40832],[82.66018,17.40934],[82.6629,17.40936],[82.66592,17.40938],[82.66865,17.41045],[82.67165,17.41166],[82.67495,17.41299],[82.67862,17.41445],[82.68206,17.41521],[82.68547,17.41594],[82.68896,17.41672],[82.6923,17.41743],[82.69564,17.41816],[82.699,17.4189],[82.70243,17.41965],[82.7059,17.42036],[82.70836,17.42219],[82.71094,17.42407],[82.7138,17.42618],[82.71564,17.42893],[82.7174,17.4316],[82.71888,17.43382],[82.72049,17.43633],[82.72202,17.4388],[82.7239,17.44169],[82.7266,17.44431],[82.72928,17.4469],[82.73192,17.44943],[82.73461,17.45205],[82.73725,17.45461],[82.74052,17.45537],[82.7438,17.45608],[82.74689,17.45674],[82.75025,17.45743],[82.75204,17.46038],[82.75376,17.46326],[82.75607,17.46528],[82.7591,17.46803],[82.76136,17.47065],[82.76359,17.47257],[82.76581,17.4745],[82.76806,17.47651],[82.77006,17.47775],[82.77269,17.47934],[82.77527,17.48094],[82.77719,17.48417],[82.77924,17.48753],[82.78099,17.4905],[82.78403,17.49091],[82.78723,17.49135],[82.78924,17.49162],[82.79247,17.49015],[82.79531,17.4888],[82.79879,17.48801],[82.80235,17.48719],[82.80624,17.48633],[82.81011,17.48546],[82.81394,17.48459],[82.81729,17.48382],[82.8205,17.4831],[82.82396,17.48232],[82.82743,17.48152],[82.8308,17.48073],[82.83421,17.47992],[82.83567,17.47854],[82.83775,17.47732],[82.84078,17.47863],[82.84393,17.48003],[82.8471,17.48142],[82.85018,17.48279],[82.85288,17.48477],[82.85567,17.48685],[82.85851,17.48893],[82.86127,17.49098],[82.86418,17.49312],[82.86698,17.49519],[82.86984,17.4973],[82.87266,17.4994],[82.87555,17.50152],[82.87868,17.5033],[82.88226,17.50534],[82.88566,17.50729],[82.88879,17.50907],[82.89196,17.51089],[82.8953,17.51279],[82.89867,17.51469],[82.90138,17.51631],[82.90465,17.51742],[82.90831,17.51868],[82.91195,17.51993],[82.91569,17.52121],[82.91935,17.52246],[82.92295,17.5237],[82.92623,17.52481],[82.92939,17.5259],[82.93282,17.52708],[82.93588,17.52818],[82.93937,17.52934],[82.94282,17.53052],[82.94592,17.53156],[82.94875,17.53199],[82.95178,17.53245],[82.95487,17.53292],[82.95827,17.53344],[82.96101,17.53386],[82.96476,17.53442],[82.966,17.53556],[82.96864,17.5379],[82.97158,17.53907],[82.9751,17.5405],[82.97845,17.54186],[82.98185,17.54325],[82.98525,17.54464],[82.9886,17.54603],[82.99206,17.54742],[82.99534,17.54876],[82.99814,17.5499],[83.00131,17.55122],[83.00396,17.55357],[83.00686,17.55615],[83.00957,17.55852],[83.01251,17.56109],[83.01478,17.56383],[83.01698,17.56641],[83.01927,17.56906],[83.02156,17.57168],[83.02491,17.57341],[83.02688,17.57592],[83.02896,17.57859],[83.03128,17.58151],[83.03363,17.58452],[83.0353,17.58663],[83.03695,17.5876],[83.03967,17.58919],[83.04219,17.59063],[83.04447,17.59197],[83.0466,17.5932],[83.0486,17.59436],[83.05069,17.59577],[83.05283,17.59718],[83.0548,17.59845],[83.05683,17.59981],[83.05922,17.60139],[83.06142,17.60284],[83.06371,17.60435],[83.06573,17.60567],[83.06803,17.60722],[83.0697,17.60866],[83.07158,17.61106],[83.07405,17.61258],[83.07575,17.61362],[83.07794,17.61496],[83.08055,17.61444],[83.08326,17.61388],[83.08619,17.61325],[83.08877,17.61212],[83.09142,17.61093],[83.09365,17.60906],[83.09561,17.60949],[83.09743,17.60987],[83.10013,17.61042],[83.10296,17.61108],[83.10554,17.61212],[83.10816,17.61214],[83.1106,17.61224],[83.11349,17.61234],[83.11619,17.61184],[83.11756,17.61245]]}},{"type":"Feature","properties":{"osm":"w679304663","power":"line","voltage":"400000"},"geometry":{"type":"LineString","coordinates":[[83.11981,17.61285],[83.1197,17.6128],[83.11931,17.61262],[83.11918,17.61256],[83.11896,17.61246],[83.11886,17.61241],[83.11799,17.61187]]}},{"type":"Feature","properties":{"osm":"w679304664","power":"line","voltage":"400000"},"geometry":{"type":"LineString","coordinates":[[83.11799,17.61187],[83.11894,17.6122],[83.11907,17.61225],[83.11929,17.61235],[83.11943,17.61242],[83.11981,17.61258],[83.11993,17.61264]]}},{"type":"Feature","properties":{"osm":"w679304666","power":"line","voltage":"400000"},"geometry":{"type":"LineString","coordinates":[[83.12087,17.61075],[83.12076,17.6107],[83.12038,17.61053],[83.12026,17.61047],[83.12002,17.61036],[83.11989,17.6103],[83.11888,17.61]]}},{"type":"Feature","properties":{"osm":"w679304667","power":"line","voltage":"400000"},"geometry":{"type":"LineString","coordinates":[[83.11888,17.61],[83.11979,17.61053],[83.11991,17.61058],[83.12014,17.61069],[83.12026,17.61075],[83.12064,17.61094],[83.12076,17.61099]]}},{"type":"Feature","properties":{"osm":"w679304669","power":"line","voltage":"400000"},"geometry":{"type":"LineString","coordinates":[[83.11845,17.61087],[83.11612,17.6103],[83.11351,17.60974],[83.11085,17.60918],[83.10856,17.60911],[83.10563,17.60896],[83.10323,17.60814],[83.10082,17.60952],[83.09809,17.6086],[83.09513,17.60764],[83.09278,17.60686],[83.09009,17.60687],[83.08764,17.60699],[83.0852,17.60708],[83.08326,17.60649],[83.08141,17.60753],[83.08001,17.6095],[83.07738,17.61063],[83.07553,17.61232],[83.07403,17.61418],[83.07162,17.6153],[83.06928,17.61626],[83.06885,17.61772],[83.06744,17.61846],[83.06664,17.61994],[83.0667,17.62219],[83.06709,17.62394],[83.06456,17.62618],[83.06324,17.62902],[83.06297,17.63016],[83.06187,17.63274],[83.06029,17.63603],[83.05951,17.63723],[83.0581,17.63757],[83.05775,17.63872],[83.05743,17.64056],[83.05633,17.64197],[83.05527,17.64467],[83.05436,17.64696],[83.05346,17.64918],[83.05261,17.65141],[83.0516,17.65399],[83.04945,17.6561],[83.04723,17.65826],[83.0446,17.66003],[83.04372,17.66294],[83.0428,17.66602],[83.04178,17.66893],[83.04073,17.67198],[83.03965,17.67498],[83.03861,17.67794],[83.0376,17.68093],[83.03658,17.68383],[83.03573,17.68638],[83.03471,17.68904],[83.03415,17.69118],[83.03253,17.69298],[83.03297,17.69495],[83.03079,17.69784],[83.02849,17.70011],[83.02621,17.70241],[83.02413,17.70358],[83.02202,17.70615],[83.02022,17.70837],[83.01828,17.71074],[83.01582,17.7124],[83.0134,17.71407],[83.01099,17.71574],[83.00836,17.71751],[83.00595,17.71918],[83.00341,17.72089],[83.00106,17.72254],[82.99877,17.72408],[82.99406,17.72503],[82.99082,17.72618],[82.98822,17.7271],[82.98541,17.72809],[82.98233,17.72917],[82.97946,17.73016],[82.97643,17.73128],[82.97432,17.73367],[82.97218,17.73608],[82.9701,17.73849],[82.97021,17.7414],[82.97032,17.74438],[82.97035,17.74698],[82.9711,17.74926],[82.97234,17.75266],[82.97372,17.75542],[82.97489,17.75776],[82.9761,17.7602],[82.97738,17.76274],[82.97855,17.76504],[82.97991,17.76774],[82.9813,17.77044],[82.98254,17.77292],[82.98387,17.77556],[82.98456,17.77866],[82.98347,17.78176],[82.98244,17.78471],[82.98171,17.78762],[82.98104,17.79013],[82.98018,17.79326],[82.97939,17.7966],[82.97872,17.7996],[82.97813,17.80247],[82.97747,17.8056],[82.9769,17.80886],[82.9761,17.81183],[82.97778,17.81475],[82.97938,17.81756],[82.98092,17.82019],[82.98266,17.82306],[82.98435,17.82583],[82.9859,17.82836],[82.98747,17.83094],[82.98907,17.83356],[82.99076,17.83633],[82.99226,17.83878],[82.99376,17.84137],[82.99535,17.84391],[82.99679,17.84632],[82.99836,17.84889],[83.00075,17.85094],[83.0033,17.85312],[83.00555,17.85506],[83.00758,17.85743],[83.00957,17.85984],[83.01166,17.86237],[83.01378,17.86496],[83.01588,17.86749],[83.01792,17.87006],[83.02005,17.87264],[83.02199,17.8751],[83.02549,17.87664],[83.02591,17.87975],[83.02642,17.88297],[83.02496,17.88554],[83.02363,17.88769],[83.02332,17.89064],[83.02484,17.89296],[83.02655,17.89558],[83.02812,17.89806],[83.02948,17.90015],[83.03127,17.90291],[83.03295,17.90557],[83.03441,17.90778],[83.03679,17.90987],[83.03918,17.91188],[83.04165,17.91389],[83.04408,17.91575],[83.04645,17.91748],[83.049,17.91946],[83.05165,17.92144],[83.05416,17.92335],[83.05682,17.92537],[83.05952,17.92741],[83.06215,17.92946],[83.06478,17.9314],[83.06612,17.93444],[83.06733,17.9372],[83.06861,17.94013],[83.06985,17.94294],[83.07106,17.94573],[83.07278,17.94845],[83.07433,17.95095],[83.07608,17.95369],[83.07736,17.95629],[83.07865,17.9588],[83.08001,17.96161],[83.0813,17.96428],[83.08266,17.96691],[83.08389,17.96935],[83.08517,17.97208],[83.08649,17.97463],[83.0878,17.97738],[83.08913,17.98002],[83.09015,17.98204],[83.09191,17.98489],[83.09369,17.98771],[83.09532,17.99051],[83.0971,17.99329],[83.0988,17.99609],[83.10039,17.99864],[83.10239,18.00087],[83.10433,18.00309],[83.10628,18.00518],[83.10834,18.00743],[83.11039,18.0098],[83.11214,18.01173],[83.11399,18.01377],[83.11577,18.01581],[83.11803,18.01808],[83.12032,18.0204],[83.12244,18.02276],[83.12466,18.02449],[83.12692,18.02629],[83.1293,18.02814],[83.13153,18.02992],[83.13366,18.03167],[83.13599,18.03352],[83.13856,18.03558],[83.13978,18.03609],[83.14016,18.03802],[83.14147,18.03883],[83.14324,18.03928],[83.14629,18.04064],[83.14881,18.04173],[83.15095,18.04304],[83.15341,18.04457],[83.15578,18.04608],[83.1579,18.0474],[83.15969,18.04995],[83.1613,18.05232],[83.16308,18.05502],[83.16624,18.05601],[83.16934,18.05688],[83.17198,18.05768],[83.17468,18.05842],[83.17723,18.05923],[83.18044,18.06008],[83.18347,18.06164],[83.18642,18.06301],[83.18949,18.06454],[83.19252,18.06603],[83.19531,18.06739],[83.19809,18.06869],[83.19971,18.07092],[83.20136,18.07324],[83.20293,18.07537],[83.20473,18.07798],[83.2067,18.0807],[83.2088,18.08363],[83.20974,18.08686],[83.21071,18.09013],[83.21246,18.09305],[83.21416,18.09601],[83.21544,18.09902],[83.21665,18.10186],[83.21892,18.10424],[83.22124,18.10663],[83.22347,18.10899],[83.22569,18.11123],[83.22825,18.11227],[83.23054,18.11313],[83.23311,18.1142],[83.23577,18.11518],[83.23823,18.11758],[83.24065,18.11986],[83.24298,18.12216],[83.24523,18.12427],[83.24744,18.12645],[83.24744,18.12918],[83.24633,18.13034],[83.24619,18.13212],[83.24832,18.1338],[83.25044,18.13547],[83.25273,18.13728],[83.25401,18.13991],[83.25523,18.14248],[83.2565,18.14515],[83.25776,18.14791],[83.25904,18.15063],[83.25848,18.15381],[83.25816,18.15531],[83.25881,18.15723],[83.26034,18.16004],[83.2606,18.16319],[83.26088,18.16643],[83.26115,18.16959],[83.26229,18.17258],[83.26326,18.17513],[83.26423,18.17771],[83.26469,18.18079],[83.26522,18.18398],[83.26571,18.18706],[83.26577,18.19047],[83.26585,18.19365],[83.26593,18.19675],[83.26651,18.1996],[83.26703,18.20219],[83.26761,18.20506],[83.26815,18.2078],[83.26861,18.2101],[83.26919,18.21308],[83.26986,18.2162],[83.26994,18.21934],[83.27016,18.22255],[83.27015,18.22588],[83.27028,18.22892],[83.27104,18.23144],[83.27188,18.23394],[83.2727,18.23646],[83.27347,18.239],[83.27439,18.24185],[83.27516,18.24431],[83.27593,18.24681],[83.27665,18.24906],[83.27787,18.25131],[83.27932,18.25405],[83.28082,18.25445],[83.28367,18.25721],[83.28378,18.26057],[83.28389,18.26384],[83.28595,18.2663],[83.28717,18.26925],[83.28845,18.27228],[83.28971,18.27535],[83.28985,18.2783],[83.28995,18.28124],[83.29008,18.28423],[83.29022,18.2873],[83.29033,18.29003],[83.29042,18.29291],[83.2904,18.29611],[83.29037,18.29934],[83.29036,18.30223],[83.29028,18.30544],[83.29024,18.30863],[83.29139,18.31131],[83.29241,18.31381],[83.29343,18.31607],[83.29456,18.31864],[83.29506,18.32181],[83.29553,18.32467],[83.29594,18.32754],[83.2964,18.33042],[83.29686,18.33331],[83.29735,18.33646],[83.29776,18.33929],[83.29826,18.34238],[83.29874,18.34545],[83.29918,18.34827],[83.29914,18.35147],[83.29918,18.35482],[83.29916,18.35787],[83.29909,18.36126],[83.29912,18.36439],[83.2991,18.36734],[83.29907,18.37078],[83.29904,18.37407],[83.29902,18.37736],[83.30098,18.37982],[83.30308,18.38242],[83.30494,18.38472],[83.30602,18.38787],[83.3071,18.39092],[83.3082,18.39395],[83.30929,18.39706],[83.31029,18.39996],[83.31141,18.40306],[83.31247,18.40616],[83.31356,18.40918],[83.31447,18.41176],[83.31662,18.41264],[83.3192,18.4137],[83.32125,18.41342],[83.32436,18.41529],[83.32458,18.41795]]}},{"type":"Feature","properties":{"osm":"w679304675","power":"line","voltage":"400000"},"geometry":{"type":"LineString","coordinates":[[83.11845,17.61087],[83.11945,17.61118],[83.11958,17.61124],[83.11981,17.61134],[83.11994,17.6114],[83.12032,17.61158],[83.12042,17.61163]]}},{"type":"Feature","properties":{"osm":"w679304677","power":"line","voltage":"400000"},"geometry":{"type":"LineString","coordinates":[[83.08896,17.60229],[83.08947,17.60332],[83.09168,17.60423],[83.09367,17.60502],[83.09648,17.60532],[83.09807,17.60706],[83.10043,17.60722],[83.10305,17.60672],[83.10505,17.60704],[83.10752,17.60747],[83.11069,17.60801],[83.11374,17.60854],[83.11675,17.60907],[83.11888,17.61]]}},{"type":"Feature","properties":{"osm":"w801380966","power":"line","voltage":"220000"},"geometry":{"type":"LineString","coordinates":[[83.13409,17.63725],[83.13199,17.63382],[83.12976,17.63348],[83.12835,17.63353],[83.12656,17.63396],[83.12288,17.63486],[83.11893,17.63566],[83.11802,17.63642],[83.11446,17.63524],[83.11153,17.63425],[83.1084,17.6332],[83.10574,17.63234],[83.10325,17.63145],[83.0998,17.63196],[83.09644,17.63246],[83.0935,17.63288],[83.09084,17.63319]]}},{"type":"Feature","properties":{"osm":"w801380999","power":"line","voltage":"132000"},"geometry":{"type":"LineString","coordinates":[[83.17595,17.68028],[83.17795,17.68032],[83.18206,17.67851],[83.18476,17.67732],[83.18714,17.67627],[83.1879,17.67675],[83.18869,17.67942],[83.19054,17.68458],[83.19191,17.68564],[83.19333,17.68669],[83.19469,17.68773],[83.19605,17.68872],[83.19742,17.68975],[83.1988,17.69079],[83.20015,17.6918],[83.20118,17.69217],[83.20251,17.69264],[83.20428,17.6931],[83.20595,17.69358]]}},{"type":"Feature","properties":{"osm":"w801381001","power":"line","voltage":"220000"},"geometry":{"type":"LineString","coordinates":[[83.20577,17.69318],[83.20261,17.69208],[83.20008,17.69122],[83.19796,17.68961],[83.19582,17.688],[83.1934,17.68621],[83.19127,17.68459],[83.19086,17.68408],[83.19046,17.68237],[83.18905,17.67859],[83.18811,17.67619],[83.18708,17.67586],[83.18472,17.67703],[83.18134,17.67847],[83.17875,17.67952],[83.17602,17.67842],[83.1757,17.67781],[83.17589,17.67479],[83.17605,17.67186],[83.17621,17.66894],[83.1751,17.66784],[83.17291,17.66814],[83.17042,17.66843],[83.16796,17.66871],[83.16674,17.66894],[83.16674,17.66975],[83.16655,17.67594],[83.16594,17.67751],[83.16509,17.67787],[83.16207,17.67793],[83.15934,17.67798],[83.15585,17.67803],[83.15265,17.67808],[83.14976,17.67742],[83.14695,17.67585],[83.14459,17.6733],[83.14214,17.67067],[83.13894,17.66899],[83.13596,17.66876],[83.13293,17.66857],[83.13004,17.66835],[83.12708,17.66817],[83.12438,17.66798],[83.12147,17.66777],[83.11982,17.66669],[83.11718,17.66502],[83.11479,17.66352],[83.11197,17.66173],[83.11038,17.66071],[83.10746,17.65885],[83.10527,17.65746],[83.10379,17.65655],[83.10218,17.65548],[83.09992,17.65475],[83.09706,17.65385],[83.09474,17.65313],[83.09182,17.65223],[83.08905,17.65132],[83.08631,17.65047],[83.08381,17.6497],[83.08084,17.64876],[83.07796,17.64784],[83.0756,17.64711],[83.07293,17.64627],[83.07041,17.64549],[83.06771,17.64462],[83.06495,17.64377],[83.06228,17.6429],[83.06022,17.64227],[83.05818,17.64163],[83.05614,17.64098],[83.05351,17.64017],[83.05088,17.63929],[83.04795,17.6384],[83.04515,17.63751],[83.04226,17.63661],[83.03976,17.63582],[83.03807,17.63529],[83.03482,17.63426],[83.03199,17.63338],[83.02903,17.63243],[83.02663,17.63225],[83.02317,17.63198],[83.02023,17.63175],[83.01721,17.63153],[83.01448,17.63132],[83.01158,17.63108],[83.00864,17.63085],[83.00592,17.63065],[83.00341,17.63047],[83.00064,17.63023],[82.99774,17.62999],[82.99478,17.62978],[82.99194,17.62957],[82.98919,17.62933],[82.98639,17.62912],[82.98368,17.62894],[82.98083,17.6287],[82.97796,17.6285],[82.97506,17.62827],[82.97235,17.62806],[82.96947,17.62784],[82.96646,17.6276],[82.96355,17.62738],[82.96072,17.62715],[82.95771,17.62692],[82.9547,17.62668],[82.95172,17.62645],[82.94881,17.62621],[82.94577,17.62599],[82.94279,17.62576],[82.93987,17.62554],[82.93787,17.62711],[82.93604,17.62854],[82.93397,17.63015],[82.93186,17.6318],[82.92916,17.63391],[82.92706,17.63321],[82.92533,17.63262],[82.92349,17.63205],[82.92041,17.63106],[82.91834,17.63235],[82.91598,17.63383],[82.91384,17.63515],[82.91191,17.63634],[82.91097,17.63692],[82.90824,17.63861],[82.90585,17.64009],[82.90432,17.64103],[82.90279,17.64199],[82.90002,17.64367],[82.89727,17.64403],[82.89429,17.64438],[82.89107,17.64476],[82.8882,17.6451],[82.88472,17.64551],[82.88139,17.64595],[82.87711,17.64643],[82.87324,17.64691],[82.87089,17.64718],[82.86824,17.64669],[82.86545,17.64611],[82.86317,17.64564],[82.86037,17.64511],[82.85796,17.64458],[82.85552,17.64413],[82.85304,17.6436],[82.85005,17.64299],[82.84739,17.64247],[82.84444,17.64187],[82.84154,17.64129],[82.83855,17.64065],[82.83564,17.64007],[82.8332,17.6396],[82.83055,17.63903],[82.82777,17.63845],[82.82483,17.63785],[82.82225,17.63735],[82.81938,17.63676],[82.81663,17.63618],[82.81413,17.63569],[82.81159,17.63518],[82.81034,17.63492],[82.80747,17.63371],[82.80542,17.63281],[82.80348,17.632],[82.79859,17.62992],[82.79593,17.62879],[82.7922,17.6272],[82.7894,17.62599],[82.78693,17.62492],[82.7842,17.62379],[82.78151,17.62265],[82.77906,17.62159],[82.77645,17.6205],[82.77365,17.61929],[82.77071,17.61872],[82.76789,17.61816],[82.76523,17.61763],[82.76264,17.61708],[82.76067,17.61823],[82.76057,17.61944],[82.75834,17.62034],[82.75491,17.61889],[82.75201,17.6171],[82.74955,17.61525],[82.74832,17.61421],[82.74628,17.6138],[82.74344,17.61322],[82.74077,17.61261],[82.73881,17.61215],[82.73568,17.61137]]}},{"type":"Feature","properties":{"osm":"w1272678541","power":"line"},"geometry":{"type":"LineString","coordinates":[[83.28163,17.72794],[83.28292,17.72833],[83.28445,17.72782],[83.28543,17.72835],[83.28627,17.72935],[83.28553,17.73113],[83.28495,17.73251],[83.28596,17.7343],[83.2873,17.73479],[83.2893,17.73588],[83.2908,17.73712],[83.29129,17.73742],[83.29188,17.73771],[83.29417,17.73862],[83.29579,17.73921],[83.29791,17.74009],[83.29945,17.74035],[83.30136,17.74037],[83.30285,17.74019],[83.30508,17.73746],[83.30602,17.73705],[83.30799,17.73641]]}},{"type":"Feature","properties":{"osm":"w1276716511","power":"line","voltage":"220000"},"geometry":{"type":"LineString","coordinates":[[83.25952,17.77974],[83.25948,17.77943],[83.25883,17.77871],[83.25724,17.77768],[83.25677,17.77629],[83.25484,17.77516],[83.25295,17.7743],[83.25146,17.77355],[83.2495,17.77289],[83.24838,17.77259],[83.24719,17.77167],[83.24586,17.77072],[83.24376,17.76874],[83.24141,17.76863],[83.23911,17.76843],[83.2371,17.76801],[83.23555,17.76769],[83.2338,17.76727],[83.23188,17.76663],[83.22977,17.76657],[83.22833,17.76542],[83.22733,17.76385],[83.22617,17.76218],[83.22602,17.76071],[83.22497,17.75917]]}},{"type":"Feature","properties":{"osm":"w1276716512","power":"line","voltage":"220000"},"geometry":{"type":"LineString","coordinates":[[83.22497,17.75917],[83.22467,17.75869],[83.22449,17.75778],[83.22489,17.75715]]}},{"type":"Feature","properties":{"osm":"w1324981012","power":"line","voltage":"220000"},"geometry":{"type":"LineString","coordinates":[[83.26985,17.77729],[83.26806,17.77815],[83.26618,17.77899],[83.26434,17.77982],[83.26283,17.7798],[83.26121,17.77979],[83.25952,17.77974]]}},{"type":"Feature","properties":{"osm":"w1324982249","power":"line","voltage":"220000"},"geometry":{"type":"LineString","coordinates":[[83.22489,17.75715],[83.22376,17.75589],[83.22192,17.75553],[83.22081,17.75558],[83.22088,17.75654],[83.22107,17.7585],[83.2214,17.7594],[83.22156,17.7599]]}},{"type":"Feature","properties":{"osm":"w1324982395","power":"line","voltage":"220000"},"geometry":{"type":"LineString","coordinates":[[83.22497,17.75917],[83.22492,17.75859],[83.22475,17.75787],[83.22489,17.75715]]}},{"type":"Feature","properties":{"osm":"w1367326672","power":"line","voltage":"400000"},"geometry":{"type":"LineString","coordinates":[[83.11784,17.61464],[83.11807,17.61475],[83.11859,17.61499],[83.11869,17.61504],[83.11932,17.61519],[83.11881,17.61484],[83.11869,17.61478],[83.11818,17.61454],[83.11795,17.61443]]}},{"type":"Feature","properties":{"osm":"w1367326673","power":"line","voltage":"400000"},"geometry":{"type":"LineString","coordinates":[[83.11764,17.61504],[83.11784,17.61464],[83.11795,17.61443],[83.11851,17.61334],[83.11862,17.61313],[83.11873,17.6129],[83.11896,17.61246],[83.11907,17.61225],[83.11919,17.61202],[83.11947,17.61146],[83.11958,17.61124],[83.11968,17.61103],[83.1198,17.61081],[83.11991,17.61058],[83.12002,17.61036],[83.12035,17.60971],[83.12047,17.60949],[83.12058,17.60927],[83.12069,17.60906],[83.12091,17.60916],[83.12142,17.6094],[83.12131,17.60962],[83.1212,17.60984],[83.12109,17.61006],[83.12076,17.6107],[83.12064,17.61094],[83.12054,17.61115],[83.12042,17.61138],[83.12032,17.61158],[83.1202,17.6118],[83.11992,17.61236],[83.11981,17.61258],[83.1197,17.6128],[83.11948,17.61324],[83.11936,17.61346],[83.11926,17.61367],[83.11869,17.61478],[83.11859,17.61499]]}},{"type":"Feature","properties":{"osm":"w1367326674","power":"line","voltage":"400000"},"geometry":{"type":"LineString","coordinates":[[83.11786,17.61515],[83.11807,17.61475],[83.11818,17.61454],[83.11874,17.61344],[83.11885,17.61323],[83.11896,17.613],[83.11918,17.61256],[83.11929,17.61235],[83.11941,17.61212],[83.11969,17.61156],[83.11981,17.61134],[83.11991,17.61114],[83.12003,17.61091],[83.12014,17.61069],[83.12026,17.61047],[83.12058,17.60982],[83.12069,17.6096],[83.1208,17.60938],[83.12091,17.60916]]}},{"type":"Feature","properties":{"osm":"w1367326675","power":"line","voltage":"400000"},"geometry":{"type":"LineString","coordinates":[[83.12069,17.6096],[83.1212,17.60984],[83.12192,17.61027],[83.12205,17.61001],[83.12144,17.60967],[83.12131,17.60962],[83.1208,17.60938],[83.12058,17.60927]]}},{"type":"Feature","properties":{"osm":"w1367326676","power":"line","voltage":"400000"},"geometry":{"type":"LineString","coordinates":[[83.12047,17.60949],[83.1199,17.60923]]}},{"type":"Feature","properties":{"osm":"w1367326677","power":"line","voltage":"400000"},"geometry":{"type":"LineString","coordinates":[[83.12035,17.60971],[83.12058,17.60982],[83.12109,17.61006],[83.12144,17.61023]]}},{"type":"Feature","properties":{"osm":"w1367326678","power":"line","voltage":"400000"},"geometry":{"type":"LineString","coordinates":[[83.11968,17.61103],[83.11991,17.61114],[83.12042,17.61138],[83.12081,17.61158]]}},{"type":"Feature","properties":{"osm":"w1367326679","power":"line","voltage":"400000"},"geometry":{"type":"LineString","coordinates":[[83.1198,17.61081],[83.12003,17.61091],[83.12054,17.61115],[83.12095,17.6113]]}},{"type":"Feature","properties":{"osm":"w1367326680","power":"line","voltage":"220000"},"geometry":{"type":"LineString","coordinates":[[83.12081,17.61158],[83.12121,17.61177],[83.12137,17.61185],[83.12169,17.61199]]}},{"type":"Feature","properties":{"osm":"w1367326681","power":"line","voltage":"220000"},"geometry":{"type":"LineString","coordinates":[[83.12095,17.6113],[83.12136,17.61148],[83.12152,17.61156],[83.12183,17.61171]]}},{"type":"Feature","properties":{"osm":"w1367326682","power":"line","voltage":"220000"},"geometry":{"type":"LineString","coordinates":[[83.12144,17.61023],[83.12184,17.61046],[83.12234,17.6107],[83.1222,17.61098]]}},{"type":"Feature","properties":{"osm":"w1367326683","power":"line","voltage":"400000"},"geometry":{"type":"LineString","coordinates":[[83.11919,17.61202],[83.11941,17.61212],[83.11992,17.61236],[83.12036,17.61246]]}},{"type":"Feature","properties":{"osm":"w1367326684","power":"line","voltage":"220000"},"geometry":{"type":"LineString","coordinates":[[83.12036,17.61246],[83.12069,17.61262],[83.12076,17.61266]]}},{"type":"Feature","properties":{"osm":"w1367326685","power":"line","voltage":"400000"},"geometry":{"type":"LineString","coordinates":[[83.11851,17.61334],[83.11874,17.61344],[83.11926,17.61367]]}},{"type":"Feature","properties":{"osm":"w1367326686","power":"line","voltage":"220000"},"geometry":{"type":"LineString","coordinates":[[83.1222,17.61098],[83.12189,17.61083],[83.12173,17.61076],[83.12165,17.61091],[83.12151,17.61119],[83.12143,17.61135],[83.12136,17.61148],[83.12121,17.61177],[83.12098,17.61222],[83.12091,17.61236],[83.12076,17.61266],[83.12092,17.61273],[83.12123,17.61288],[83.12138,17.61259],[83.12146,17.61244],[83.12169,17.61199],[83.12183,17.61171],[83.1219,17.61157],[83.12198,17.61142],[83.12213,17.61113],[83.1222,17.61098]]}},{"type":"Feature","properties":{"osm":"w1367326687","power":"line","voltage":"220000"},"geometry":{"type":"LineString","coordinates":[[83.12092,17.61273],[83.12107,17.61244],[83.12114,17.61229],[83.12137,17.61185],[83.12152,17.61156],[83.12159,17.61142],[83.12167,17.61127],[83.12181,17.61098],[83.12189,17.61083]]}},{"type":"Feature","properties":{"osm":"w1367326688","power":"line","voltage":"220000"},"geometry":{"type":"LineString","coordinates":[[83.12091,17.61236],[83.12107,17.61244],[83.12138,17.61259],[83.12146,17.61262],[83.122,17.61278],[83.12153,17.61248],[83.12146,17.61244],[83.12114,17.61229],[83.12098,17.61222]]}},{"type":"Feature","properties":{"osm":"w1367326689","power":"line","voltage":"220000"},"geometry":{"type":"LineString","coordinates":[[83.12165,17.61091],[83.12181,17.61098],[83.12213,17.61113],[83.1222,17.61116],[83.12288,17.61137],[83.12228,17.61102],[83.1222,17.61098]]}},{"type":"Feature","properties":{"osm":"w1367326690","power":"line","voltage":"220000"},"geometry":{"type":"LineString","coordinates":[[83.12143,17.61135],[83.12159,17.61142],[83.1219,17.61157],[83.12197,17.6116],[83.12272,17.61186],[83.12205,17.61145],[83.12198,17.61142],[83.12167,17.61127],[83.12151,17.61119]]}},{"type":"Feature","properties":{"osm":"w1367408034","power":"line","voltage":"400000"},"geometry":{"type":"LineString","coordinates":[[83.13599,17.6405],[83.13616,17.6406]]}},{"type":"Feature","properties":{"osm":"w1367408037","power":"line","voltage":"400000"},"geometry":{"type":"LineString","coordinates":[[83.13231,17.64237],[83.13253,17.6425]]}},{"type":"Feature","properties":{"osm":"w1367408038","power":"line","voltage":"400000"},"geometry":{"type":"LineString","coordinates":[[83.13389,17.63905],[83.13346,17.63969],[83.13307,17.64028],[83.13261,17.64096]]}},{"type":"Feature","properties":{"osm":"w1367408039","power":"line","voltage":"400000"},"geometry":{"type":"LineString","coordinates":[[83.13434,17.63881],[83.13395,17.63939],[83.13352,17.64003],[83.1331,17.64065]]}},{"type":"Feature","properties":{"osm":"w1367408040","power":"line","voltage":"400000"},"geometry":{"type":"LineString","coordinates":[[83.13363,17.63838],[83.13338,17.63875],[83.13389,17.63905],[83.13461,17.63949],[83.13484,17.63913],[83.13434,17.63881],[83.13363,17.63838]]}},{"type":"Feature","properties":{"osm":"w1367408041","power":"line","voltage":"400000"},"geometry":{"type":"LineString","coordinates":[[83.13395,17.63939],[83.13323,17.63895],[83.13294,17.63939],[83.13346,17.63969],[83.13417,17.64014],[83.13446,17.6397],[83.13395,17.63939]]}},{"type":"Feature","properties":{"osm":"w1367408042","power":"line","voltage":"400000"},"geometry":{"type":"LineString","coordinates":[[83.13352,17.64003],[83.13281,17.63959],[83.13256,17.63997],[83.13307,17.64028],[83.13378,17.64071],[83.13402,17.64034],[83.13352,17.64003]]}},{"type":"Feature","properties":{"osm":"w1367408043","power":"line","voltage":"400000"},"geometry":{"type":"LineString","coordinates":[[83.13338,17.63875],[83.13326,17.63867],[83.13213,17.63814],[83.13309,17.63886],[83.13323,17.63895]]}},{"type":"Feature","properties":{"osm":"w1367408044","power":"line","voltage":"400000"},"geometry":{"type":"LineString","coordinates":[[83.13294,17.63939],[83.13227,17.63898],[83.13152,17.63869],[83.13213,17.63919],[83.13281,17.63959]]}},{"type":"Feature","properties":{"osm":"w1367408045","power":"line","voltage":"400000"},"geometry":{"type":"LineString","coordinates":[[83.13256,17.63997],[83.13187,17.63954],[83.13092,17.63913],[83.13174,17.63977],[83.1331,17.64065],[83.13361,17.64096],[83.13339,17.64132]]}},{"type":"Feature","properties":{"osm":"w1367408046","power":"line","voltage":"400000"},"geometry":{"type":"LineString","coordinates":[[83.13461,17.63949],[83.1347,17.63957],[83.13516,17.63994],[83.13572,17.64029],[83.13599,17.6405]]}},{"type":"Feature","properties":{"osm":"w1367408047","power":"line","voltage":"400000"},"geometry":{"type":"LineString","coordinates":[[83.13616,17.6406],[83.13644,17.64074],[83.13677,17.64094]]}},{"type":"Feature","properties":{"osm":"w1367408048","power":"line","voltage":"400000"},"geometry":{"type":"LineString","coordinates":[[83.13677,17.64094],[83.13664,17.64112],[83.13642,17.64144],[83.13579,17.64232],[83.13681,17.64167],[83.1372,17.64107]]}},{"type":"Feature","properties":{"osm":"w1367408049","power":"line","voltage":"400000"},"geometry":{"type":"LineString","coordinates":[[83.13735,17.64181],[83.13711,17.64166],[83.13724,17.64148],[83.13742,17.64121],[83.13768,17.64082],[83.13775,17.64071]]}},{"type":"Feature","properties":{"osm":"w1367408050","power":"line","voltage":"400000"},"geometry":{"type":"LineString","coordinates":[[83.13545,17.63928],[83.13699,17.64023],[83.13735,17.64061],[83.13768,17.64082],[83.138,17.64103]]}},{"type":"Feature","properties":{"osm":"w1367408051","power":"line","voltage":"400000"},"geometry":{"type":"LineString","coordinates":[[83.13707,17.64099],[83.1372,17.64107],[83.13742,17.64121],[83.13771,17.64138]]}},{"type":"Feature","properties":{"osm":"w1367408052","power":"line","voltage":"400000"},"geometry":{"type":"LineString","coordinates":[[83.13664,17.64112],[83.13724,17.64148]]}},{"type":"Feature","properties":{"osm":"w1367408053","power":"line","voltage":"400000"},"geometry":{"type":"LineString","coordinates":[[83.13378,17.64071],[83.13414,17.64094]]}},{"type":"Feature","properties":{"osm":"w1367408054","power":"line","voltage":"400000"},"geometry":{"type":"LineString","coordinates":[[83.13402,17.64034],[83.13437,17.64057]]}},{"type":"Feature","properties":{"osm":"w1367408055","power":"line","voltage":"400000"},"geometry":{"type":"LineString","coordinates":[[83.13452,17.64033],[83.13417,17.64014]]}},{"type":"Feature","properties":{"osm":"w1367408056","power":"line"},"geometry":{"type":"LineString","coordinates":[[83.13437,17.64057],[83.13456,17.64068],[83.13504,17.64091]]}},{"type":"Feature","properties":{"osm":"w1367408057","power":"line"},"geometry":{"type":"LineString","coordinates":[[83.13514,17.64076],[83.13473,17.64047],[83.13452,17.64033]]}},{"type":"Feature","properties":{"osm":"w1367408058","power":"line","voltage":"220000"},"geometry":{"type":"LineString","coordinates":[[83.1349,17.63822],[83.13505,17.63831],[83.13514,17.63817],[83.13522,17.63804],[83.1353,17.63791],[83.13538,17.63778],[83.13566,17.63795],[83.1358,17.63804],[83.13593,17.63812],[83.13606,17.6382],[83.13638,17.6384],[83.1368,17.63866],[83.13692,17.63874],[83.13706,17.63882],[83.13698,17.63895],[83.13689,17.63908],[83.1368,17.63922],[83.13671,17.63935],[83.13684,17.63943],[83.13692,17.6393],[83.13701,17.63916],[83.1371,17.63903],[83.13719,17.6389],[83.13727,17.63877],[83.13715,17.63869],[83.13701,17.6386],[83.13688,17.63852],[83.13648,17.63827],[83.13616,17.63806],[83.13602,17.63798],[83.13589,17.6379],[83.13575,17.63781],[83.13548,17.63764],[83.13535,17.63756],[83.13526,17.6377],[83.13517,17.63783],[83.13508,17.63796],[83.13499,17.63808],[83.1349,17.63822]]}},{"type":"Feature","properties":{"osm":"w1367408059","power":"line","voltage":"220000"},"geometry":{"type":"LineString","coordinates":[[83.13514,17.63817],[83.13499,17.63808],[83.1348,17.63796],[83.13393,17.63754],[83.13469,17.6381],[83.1349,17.63822]]}},{"type":"Feature","properties":{"osm":"w1367408060","power":"line","voltage":"220000"},"geometry":{"type":"LineString","coordinates":[[83.1353,17.63791],[83.13517,17.63783],[83.13496,17.6377],[83.13409,17.63725],[83.13487,17.63783],[83.13508,17.63796],[83.13522,17.63804]]}},{"type":"Feature","properties":{"osm":"w1367408061","power":"line","voltage":"220000"},"geometry":{"type":"LineString","coordinates":[[83.13526,17.6377],[83.13538,17.63778],[83.13548,17.63764]]}},{"type":"Feature","properties":{"osm":"w1367408062","power":"line","voltage":"220000"},"geometry":{"type":"LineString","coordinates":[[83.13715,17.63869],[83.13706,17.63882],[83.13719,17.6389]]}},{"type":"Feature","properties":{"osm":"w1367408063","power":"line","voltage":"220000"},"geometry":{"type":"LineString","coordinates":[[83.13689,17.63908],[83.13701,17.63916],[83.13722,17.6393],[83.13817,17.63971],[83.13732,17.63917],[83.1371,17.63903],[83.13698,17.63895]]}},{"type":"Feature","properties":{"osm":"w1367408064","power":"line","voltage":"220000"},"geometry":{"type":"LineString","coordinates":[[83.13684,17.63943],[83.13705,17.63955],[83.13828,17.64025],[83.13714,17.63943],[83.13692,17.6393],[83.1368,17.63922]]}},{"type":"Feature","properties":{"osm":"w1367408065","power":"line","voltage":"220000"},"geometry":{"type":"LineString","coordinates":[[83.13594,17.63944],[83.1352,17.64059],[83.13534,17.64073],[83.13526,17.64083],[83.13514,17.64076]]}},{"type":"Feature","properties":{"osm":"w1367408066","power":"line","voltage":"220000"},"geometry":{"type":"LineString","coordinates":[[83.13504,17.64091],[83.13513,17.64094],[83.13608,17.63953]]}},{"type":"Feature","properties":{"osm":"w1367408067","power":"line","voltage":"220000"},"geometry":{"type":"LineString","coordinates":[[83.13688,17.63852],[83.1368,17.63866],[83.13666,17.63885],[83.13594,17.63944]]}},{"type":"Feature","properties":{"osm":"w1367408068","power":"line","voltage":"220000"},"geometry":{"type":"LineString","coordinates":[[83.13608,17.63953],[83.13679,17.63892],[83.13692,17.63874],[83.13701,17.6386]]}},{"type":"Feature","properties":{"osm":"w1367408069","power":"line","voltage":"400000"},"geometry":{"type":"LineString","coordinates":[[83.13339,17.64132],[83.13435,17.64202],[83.13392,17.64267]]}},{"type":"Feature","properties":{"osm":"w1367408070","power":"line","voltage":"220000"},"geometry":{"type":"LineString","coordinates":[[83.13593,17.63812],[83.13602,17.63798],[83.13615,17.6378],[83.13654,17.6372],[83.13602,17.63772],[83.13589,17.6379],[83.1358,17.63804]]}},{"type":"Feature","properties":{"osm":"w1367408071","power":"line"},"geometry":{"type":"LineString","coordinates":[[83.13638,17.6384],[83.13648,17.63827],[83.13658,17.6381]]}},{"type":"Feature","properties":{"osm":"w1367408072","power":"line","voltage":"220000"},"geometry":{"type":"LineString","coordinates":[[83.13492,17.6388],[83.13556,17.63811],[83.13566,17.63795],[83.13575,17.63781]]}},{"type":"Feature","properties":{"osm":"w1367408073","power":"line","voltage":"220000"},"geometry":{"type":"LineString","coordinates":[[83.13606,17.6382],[83.13616,17.63806]]}},{"type":"Feature","properties":{"osm":"w1367408074","power":"line","voltage":"220000"},"geometry":{"type":"LineString","coordinates":[[83.13414,17.64094],[83.13437,17.64105],[83.13462,17.64089],[83.13491,17.64036],[83.13451,17.64008],[83.13524,17.639],[83.13502,17.63876],[83.13492,17.6388]]}},{"type":"Feature","properties":{"osm":"w1367408075","power":"line","voltage":"400000"},"geometry":{"type":"LineString","coordinates":[[83.13253,17.6425],[83.133,17.6428],[83.13333,17.64231],[83.13366,17.64181],[83.13302,17.64139],[83.13261,17.64096],[83.1324,17.64081],[83.13199,17.64055]]}},{"type":"Feature","properties":{"osm":"w1367408076","power":"line","voltage":"400000"},"geometry":{"type":"LineString","coordinates":[[83.13333,17.64231],[83.13392,17.64267],[83.13427,17.64288],[83.13464,17.6431]]}},{"type":"Feature","properties":{"osm":"w1367408077","power":"line","voltage":"400000"},"geometry":{"type":"LineString","coordinates":[[83.1341,17.64313],[83.13427,17.64288],[83.13443,17.64266]]}},{"type":"Feature","properties":{"osm":"w1367408078","power":"line","voltage":"400000"},"geometry":{"type":"LineString","coordinates":[[83.13445,17.64336],[83.13464,17.6431],[83.13478,17.64289]]}},{"type":"Feature","properties":{"osm":"w1367408079","power":"line","voltage":"400000"},"geometry":{"type":"LineString","coordinates":[[83.13231,17.64237],[83.13199,17.64205],[83.13159,17.6418]]}},{"type":"Feature","properties":{"osm":"w1367408080","power":"line"},"geometry":{"type":"LineString","coordinates":[[83.13207,17.64108],[83.13182,17.64146]]}},{"type":"Feature","properties":{"osm":"w1367408081","power":"line","voltage":"400000"},"geometry":{"type":"LineString","coordinates":[[83.12896,17.64248],[83.12998,17.64227],[83.13009,17.64209],[83.13048,17.64233],[83.13105,17.64146],[83.13153,17.64073]]}},{"type":"Feature","properties":{"osm":"w1367408082","power":"line","voltage":"400000"},"geometry":{"type":"LineString","coordinates":[[83.12953,17.64056],[83.13077,17.6408]]}},{"type":"Feature","properties":{"osm":"w1367408083","power":"line","voltage":"400000"},"geometry":{"type":"LineString","coordinates":[[83.13102,17.6404],[83.13153,17.64073],[83.13207,17.64108],[83.13237,17.64127]]}},{"type":"Feature","properties":{"osm":"w1367408084","power":"line","voltage":"400000"},"geometry":{"type":"LineString","coordinates":[[83.13105,17.64146],[83.13159,17.6418],[83.13134,17.64218],[83.13063,17.64174],[83.13028,17.64152]]}},{"type":"Feature","properties":{"osm":"w1367408085","power":"line","voltage":"400000"},"geometry":{"type":"LineString","coordinates":[[83.13111,17.64102],[83.13063,17.64174],[83.13044,17.64201],[83.1302,17.64187],[83.1289,17.64213]]}},{"type":"Feature","properties":{"osm":"w1367408086","power":"line","voltage":"400000"},"geometry":{"type":"LineString","coordinates":[[83.1289,17.64213],[83.12896,17.64248]]}},{"type":"Feature","properties":{"osm":"w1367408087","power":"line","voltage":"400000"},"geometry":{"type":"LineString","coordinates":[[83.13048,17.64233],[83.13059,17.64241],[83.13104,17.64254],[83.13071,17.64218],[83.13044,17.64201]]}},{"type":"Feature","properties":{"osm":"w1367408088","power":"line","voltage":"400000"},"geometry":{"type":"LineString","coordinates":[[83.13028,17.64152],[83.12953,17.64056]]}},{"type":"Feature","properties":{"osm":"w1367408089","power":"line","voltage":"400000"},"geometry":{"type":"LineString","coordinates":[[83.13077,17.6408],[83.13111,17.64102],[83.13182,17.64146]]}},{"type":"Feature","properties":{"osm":"w1367409556","power":"line","voltage":"220000"},"geometry":{"type":"LineString","coordinates":[[83.2281,17.82937],[83.22843,17.82939],[83.22876,17.82941],[83.22937,17.82945],[83.22971,17.82947],[83.22983,17.82947]]}},{"type":"Feature","properties":{"osm":"w1367409557","power":"line","voltage":"132000"},"geometry":{"type":"LineString","coordinates":[[83.22743,17.82976],[83.22744,17.82952],[83.22746,17.82929],[83.22747,17.82916],[83.22748,17.82892],[83.22749,17.82878]]}},{"type":"Feature","properties":{"osm":"w1367409558","power":"line","voltage":"132000"},"geometry":{"type":"LineString","coordinates":[[83.22747,17.82916],[83.22666,17.82913]]}},{"type":"Feature","properties":{"osm":"w1367409559","power":"line","voltage":"220000"},"geometry":{"type":"LineString","coordinates":[[83.22876,17.82941],[83.22868,17.83056]]}},{"type":"Feature","properties":{"osm":"w1367409560","power":"line","voltage":"220000"},"geometry":{"type":"LineString","coordinates":[[83.2281,17.82937],[83.2281,17.82929],[83.22811,17.82913],[83.22812,17.82896],[83.22813,17.82889]]}},{"type":"Feature","properties":{"osm":"w1367409561","power":"line","voltage":"220000"},"geometry":{"type":"LineString","coordinates":[[83.22812,17.82896],[83.22779,17.82896]]}},{"type":"Feature","properties":{"osm":"w1367409562","power":"line","voltage":"220000"},"geometry":{"type":"LineString","coordinates":[[83.22811,17.82913],[83.22778,17.82912]]}},{"type":"Feature","properties":{"osm":"w1367409563","power":"line","voltage":"220000"},"geometry":{"type":"LineString","coordinates":[[83.22777,17.82926],[83.2281,17.82929]]}},{"type":"Feature","properties":{"osm":"w1367409564","power":"line","voltage":"132000"},"geometry":{"type":"LineString","coordinates":[[83.22779,17.82896],[83.22748,17.82892]]}},{"type":"Feature","properties":{"osm":"w1367409565","power":"line","voltage":"132000"},"geometry":{"type":"LineString","coordinates":[[83.22778,17.82912],[83.22747,17.82916]]}},{"type":"Feature","properties":{"osm":"w1367409566","power":"line","voltage":"132000"},"geometry":{"type":"LineString","coordinates":[[83.22746,17.82929],[83.22777,17.82926]]}},{"type":"Feature","properties":{"osm":"w1367409567","power":"line","voltage":"220000"},"geometry":{"type":"LineString","coordinates":[[83.22937,17.82945],[83.22943,17.82887],[83.22992,17.82911]]}},{"type":"Feature","properties":{"osm":"w1376322279","power":"line","voltage":"132000"},"geometry":{"type":"LineString","coordinates":[[83.17595,17.68028],[83.17568,17.67863],[83.17614,17.67764],[83.17901,17.67872],[83.18072,17.67803],[83.18284,17.67717],[83.18498,17.67633],[83.18711,17.67547],[83.18928,17.67597],[83.19039,17.67756],[83.19177,17.67975],[83.19303,17.68168],[83.19452,17.68397],[83.19607,17.68552],[83.19962,17.68913],[83.20146,17.69104],[83.20262,17.69131],[83.20548,17.69178],[83.20702,17.69209]]}},{"type":"Feature","properties":{"osm":"w1376322280","power":"line","voltage":"132000"},"geometry":{"type":"LineString","coordinates":[[83.20711,17.69184],[83.20553,17.69147],[83.20341,17.69097]]}},{"type":"Feature","properties":{"osm":"w1376322281","power":"line","voltage":"132000"},"geometry":{"type":"LineString","coordinates":[[83.17425,17.68461],[83.17575,17.68309],[83.17595,17.68028]]}},{"type":"Feature","properties":{"osm":"w1376322283","power":"line","voltage":"132000"},"geometry":{"type":"LineString","coordinates":[[83.28333,17.71611],[83.28493,17.71411],[83.28655,17.71219],[83.28728,17.71134],[83.28961,17.71008],[83.29112,17.7095],[83.29239,17.70921],[83.29226,17.7085],[83.29173,17.70592],[83.29152,17.70499],[83.29052,17.70521]]}},{"type":"Feature","properties":{"osm":"w1376322284","power":"line","voltage":"132000"},"geometry":{"type":"LineString","coordinates":[[83.28375,17.72221],[83.28389,17.72056],[83.2843,17.71763],[83.28428,17.7161],[83.28363,17.71622],[83.28333,17.71611]]}},{"type":"Feature","properties":{"osm":"w1376322285","power":"line","voltage":"132000"},"geometry":{"type":"LineString","coordinates":[[83.28333,17.71611],[83.28151,17.71655],[83.28026,17.71659],[83.27884,17.71633],[83.27665,17.71601],[83.2739,17.7158],[83.2723,17.71569],[83.27112,17.71554]]}},{"type":"Feature","properties":{"osm":"w1376322286","power":"line"},"geometry":{"type":"LineString","coordinates":[[83.25381,17.70002],[83.25253,17.69994]]}},{"type":"Feature","properties":{"osm":"w1376322287","power":"line"},"geometry":{"type":"LineString","coordinates":[[83.2561,17.69977],[83.25428,17.70002],[83.25381,17.70002]]}},{"type":"Feature","properties":{"osm":"w1376322288","power":"line"},"geometry":{"type":"LineString","coordinates":[[83.25602,17.69956],[83.25432,17.69991],[83.25381,17.70002]]}},{"type":"Feature","properties":{"osm":"w1376322291","power":"line","voltage":"220000"},"geometry":{"type":"LineString","coordinates":[[83.20595,17.69267],[83.20541,17.69231],[83.20428,17.69228],[83.20258,17.69167],[83.20094,17.69125],[83.19885,17.68905],[83.19636,17.68658],[83.19479,17.68499],[83.19345,17.68305],[83.19403,17.68203],[83.19305,17.67873],[83.19362,17.67807],[83.19256,17.67549],[83.1914,17.67268],[83.19035,17.67003],[83.18702,17.66914],[83.18646,17.66891]]}},{"type":"Feature","properties":{"osm":"w1376322292","power":"line","voltage":"220000"},"geometry":{"type":"LineString","coordinates":[[83.12288,17.61137],[83.12313,17.61214],[83.12516,17.61316],[83.12669,17.61529],[83.12595,17.61743],[83.12468,17.61953],[83.12376,17.62175],[83.12512,17.62391],[83.12675,17.62536],[83.12886,17.6272],[83.13023,17.62854],[83.1324,17.62992],[83.13368,17.63187],[83.135,17.63405],[83.1365,17.63655],[83.13809,17.63894],[83.13969,17.64067],[83.14119,17.6422],[83.14298,17.64414],[83.14445,17.64599],[83.14592,17.64753],[83.14737,17.64741],[83.14947,17.64715],[83.152,17.64588],[83.15429,17.64478],[83.15681,17.64361],[83.1593,17.64235]]}},{"type":"Feature","properties":{"osm":"w1376322293","power":"line","voltage":"220000"},"geometry":{"type":"LineString","coordinates":[[83.16552,17.62846],[83.16247,17.63047],[83.15969,17.63219],[83.15891,17.63452],[83.15924,17.63696],[83.15958,17.63941],[83.15992,17.64223]]}},{"type":"Feature","properties":{"osm":"w1376322294","power":"line","voltage":"220000"},"geometry":{"type":"LineString","coordinates":[[83.15992,17.64223],[83.16053,17.64314],[83.16077,17.6435],[83.16111,17.64402],[83.16184,17.64515],[83.16316,17.64743],[83.16419,17.64925],[83.16526,17.65105],[83.16633,17.65285],[83.16761,17.65511],[83.169,17.65745],[83.17048,17.6599],[83.17194,17.66239],[83.17339,17.6649],[83.17558,17.66557],[83.17753,17.66616],[83.17834,17.66641],[83.17797,17.66764],[83.17857,17.66819],[83.18103,17.66918],[83.18258,17.66938],[83.18436,17.66984],[83.18502,17.66923]]}},{"type":"Feature","properties":{"osm":"w1376322295","power":"line","voltage":"220000"},"geometry":{"type":"LineString","coordinates":[[83.20673,17.65919],[83.20454,17.65946],[83.20321,17.6605],[83.20156,17.66159],[83.19848,17.66157],[83.19636,17.66189],[83.19436,17.66396],[83.19216,17.66577],[83.1915,17.66671],[83.19043,17.6677],[83.18892,17.66809],[83.18832,17.66756],[83.18672,17.6681],[83.18646,17.66891]]}},{"type":"Feature","properties":{"osm":"w1376324158","power":"line","voltage":"132000"},"geometry":{"type":"LineString","coordinates":[[83.17425,17.68461],[83.17477,17.68645],[83.17569,17.68864],[83.17647,17.69048],[83.17738,17.69266],[83.17813,17.69444],[83.17901,17.69653],[83.17992,17.6987],[83.18073,17.70062],[83.18165,17.70281],[83.18257,17.70501],[83.18334,17.7068],[83.18422,17.70892],[83.18511,17.71104],[83.18557,17.71229],[83.18616,17.71365],[83.18696,17.71507],[83.18702,17.71552],[83.18655,17.71659],[83.18665,17.71683]]}},{"type":"Feature","properties":{"osm":"w1376324159","power":"line","voltage":"132000"},"geometry":{"type":"LineString","coordinates":[[83.15405,17.70668],[83.15452,17.70679],[83.15542,17.70552],[83.15585,17.70394],[83.15539,17.70374],[83.15286,17.70241],[83.15149,17.70195],[83.14959,17.7016],[83.14779,17.70125]]}},{"type":"Feature","properties":{"osm":"w1376324160","power":"line","voltage":"132000"},"geometry":{"type":"LineString","coordinates":[[83.18665,17.71683],[83.1865,17.71689],[83.18518,17.71576],[83.18294,17.71486],[83.18047,17.71401],[83.17782,17.71304],[83.17538,17.71216],[83.17244,17.71109],[83.17059,17.7104],[83.16883,17.7098],[83.16629,17.70904],[83.16332,17.70812],[83.16094,17.70725],[83.15838,17.70625],[83.15617,17.7054],[83.15539,17.70587],[83.15469,17.7069],[83.15416,17.70694]]}}]}